"","number","year","species","type","InpN","lenbin","obs_value","label","pred_value","nll","pearson"
"1",1,1,"Atlantic_cod",0,57,1,0.0126622481131997,"survey",0.0127099,0.00262304,-0.00319114444337498
"2",1,1,"Atlantic_cod",0,57,2,0.12763856535117,"survey",0.71478,-12.5353,-5.24317026923672
"3",1,1,"Atlantic_cod",0,57,3,0.675947937325155,"survey",0.236024,40.5118,6.83654911719612
"4",1,1,"Atlantic_cod",0,57,4,0.183751249210475,"survey",0.0319203,18.334,6.41599848593713
"5",1,1,"Atlantic_cod",0,57,5,0,"survey",0.00456588,-0.0217728,-0.510152094967765
"6",1,2,"Atlantic_cod",0,65,1,0.00462980513738121,"survey",0.00653524,-0.0995061,-0.190029057645606
"7",1,2,"Atlantic_cod",0,65,2,0.0828726159122756,"survey",0.628511,-10.9177,-5.54887767531682
"8",1,2,"Atlantic_cod",0,65,3,0.758539498778964,"survey",0.314763,43.3334,6.37718681913391
"9",1,2,"Atlantic_cod",0,65,4,0.153958080171379,"survey",0.0473362,11.8059,3.95099353754642
"10",1,2,"Atlantic_cod",0,65,5,0,"survey",0.00285396,-0.0217758,-0.430705699985501
"11",1,3,"Atlantic_cod",0,32,1,0.00725571073642569,"survey",0.00458428,0.111126,0.223194423602847
"12",1,3,"Atlantic_cod",0,32,2,0.158242677151426,"survey",0.551656,-6.32377,-2.99633163283
"13",1,3,"Atlantic_cod",0,32,3,0.834501612112148,"survey",0.368169,21.8333,4.3475758564475
"14",1,3,"Atlantic_cod",0,32,4,0,"survey",0.0736058,-0.0211152,-1.53472655544889
"15",1,3,"Atlantic_cod",0,32,5,0,"survey",0.00198517,-0.00955935,-0.252042536092621
"16",1,4,"Atlantic_cod",0,32,1,0.0278005746232336,"survey",0.0139252,0.619707,0.665149066607676
"17",1,4,"Atlantic_cod",0,32,2,0.155967532217295,"survey",0.703891,-7.52162,-3.6943852772626
"18",1,4,"Atlantic_cod",0,32,3,0.559890841567554,"survey",0.222588,16.5154,4.04430700268457
"19",1,4,"Atlantic_cod",0,32,4,0.256341051591918,"survey",0.0587727,12.0793,4.61003841385961
"20",1,4,"Atlantic_cod",0,32,5,0,"survey",0.000822296,-0.00674041,-0.162214278039882
"21",1,5,"Atlantic_cod",0,21,1,0.00812872995520096,"survey",0.00701858,0.0273879,0.0607248800835965
"22",1,5,"Atlantic_cod",0,21,2,0.309111380221937,"survey",0.632826,-4.65133,-1.86478945218777
"23",1,5,"Atlantic_cod",0,21,3,0.387958873533742,"survey",0.298806,2.12476,0.747395254752533
"24",1,5,"Atlantic_cod",0,21,4,0.29480101628912,"survey",0.060849,9.76596,4.34620009684017
"25",1,5,"Atlantic_cod",0,21,5,0,"survey",0.000500162,-0.00337986,-0.10248610637545
"26",1,6,"Atlantic_cod",0,18,1,0.00517066851360105,"survey",0.00460938,0.0126652,0.0350752803353718
"27",1,6,"Atlantic_cod",0,18,2,0.279412383246361,"survey",0.553912,-3.44194,-1.56479557046935
"28",1,6,"Atlantic_cod",0,18,3,0.715416948240038,"survey",0.360165,8.83006,2.51143514501376
"29",1,6,"Atlantic_cod",0,18,4,0,"survey",0.0809655,-0.0120488,-1.20721953264516
"30",1,6,"Atlantic_cod",0,18,5,0,"survey",0.000348516,-0.0022471,-0.0792040908034427
"31",1,7,"Atlantic_cod",0,25,1,0.0298359449320625,"survey",0.0117005,0.702339,0.838293326478044
"32",1,7,"Atlantic_cod",0,25,2,0.10694840821113,"survey",0.658391,-4.86029,-3.39803907183433
"33",1,7,"Atlantic_cod",0,25,3,0.863215646856808,"survey",0.257913,26.0517,5.95944698640914
"34",1,7,"Atlantic_cod",0,25,4,0,"survey",0.0718252,-0.0164351,-1.3400111939831
"35",1,7,"Atlantic_cod",0,25,5,0,"survey",0.000169577,-0.00132093,-0.065110866988545
"36",1,8,"Atlantic_cod",0,20,1,0.0179127273509514,"survey",0.00621549,0.382951,0.663530077723199
"37",1,8,"Atlantic_cod",0,20,2,0.049648822776505,"survey",0.596455,-2.4708,-3.16635473326925
"38",1,8,"Atlantic_cod",0,20,3,0.932438449872544,"survey",0.319804,19.9408,4.8447845292293
"39",1,8,"Atlantic_cod",0,20,4,0,"survey",0.0774149,-0.0132979,-1.24430623240423
"40",1,8,"Atlantic_cod",0,20,5,0,"survey",0.000109991,-0.000191354,-0.0469022387525372
"41",1,9,"Atlantic_cod",0,16,1,0.0139793125083261,"survey",0.0174949,-0.0490178,-0.106316866903847
"42",1,9,"Atlantic_cod",0,16,2,0.475073162556242,"survey",0.786896,-3.83684,-1.40607744450476
"43",1,9,"Atlantic_cod",0,16,3,0.510947524935432,"survey",0.154631,9.76569,3.62449640421589
"44",1,9,"Atlantic_cod",0,16,4,0,"survey",0.0409451,-0.0096197,-0.809395824056438
"45",1,9,"Atlantic_cod",0,16,5,0,"survey",3.29897e-05,0.00177267,-0.0229746643065791
"46",1,10,"Atlantic_cod",0,19,1,0.00143169694222656,"survey",0.00770803,-0.047017,-0.31160978305896
"47",1,10,"Atlantic_cod",0,19,2,0.277363498483316,"survey",0.67878,-4.71647,-2.12377010548609
"48",1,10,"Atlantic_cod",0,19,3,0.13277082389038,"survey",0.27313,-1.81946,-1.17066573913441
"49",1,10,"Atlantic_cod",0,19,4,0,"survey",0.0403634,-0.0113962,-0.875730894738789
"50",1,10,"Atlantic_cod",0,19,5,0.588433980684077,"survey",1.9142e-05,115.487,586.228274005059
"51",1,11,"Atlantic_cod",0,20,1,0.0156922118043712,"survey",0.00895158,0.179053,0.318614659867055
"52",1,11,"Atlantic_cod",0,20,2,0.287041104025009,"survey",0.653028,-4.71908,-2.02541784606991
"53",1,11,"Atlantic_cod",0,20,3,0.697266684170619,"survey",0.287152,12.3623,3.42266500624833
"54",1,11,"Atlantic_cod",0,20,4,0,"survey",0.0508574,-0.012458,-1.00853755507666
"55",1,11,"Atlantic_cod",0,20,5,0,"survey",1.07015e-05,0.00446634,-0.0146297641812847
"56",1,12,"Atlantic_cod",0,22,1,0.0181909414884577,"survey",0.00492552,0.527475,0.886556361752473
"57",1,12,"Atlantic_cod",0,22,2,0.249210233112747,"survey",0.569102,-4.52745,-1.98892930714158
"58",1,12,"Atlantic_cod",0,22,3,0.313613665732345,"survey",0.354071,-0.838248,-0.318906539781812
"59",1,12,"Atlantic_cod",0,22,4,0.41898515966645,"survey",0.0718939,16.2408,6.07168170247499
"60",1,12,"Atlantic_cod",0,22,5,0,"survey",7.40508e-06,0.00572265,-0.0127636891218801
"61",1,13,"Atlantic_cod",0,23,1,0.0128838038375248,"survey",0.00326761,0.411645,0.806774232318564
"62",1,13,"Atlantic_cod",0,23,2,0.368020321946744,"survey",0.490765,-2.43768,-0.84029116614004
"63",1,13,"Atlantic_cod",0,23,3,0.341198273638756,"survey",0.401085,-1.27038,-0.453498945326167
"64",1,13,"Atlantic_cod",0,23,4,0.277897600576975,"survey",0.104877,6.22666,2.56225061024712
"65",1,13,"Atlantic_cod",0,23,5,0,"survey",5.67266e-06,0.00659543,-0.0114223981720127
"66",1,14,"Atlantic_cod",0,14,1,0.00916368878732574,"survey",0.00277007,0.156425,0.454532963284195
"67",1,14,"Atlantic_cod",0,14,2,0.193054767418677,"survey",0.434866,-2.19481,-1.37202732818494
"68",1,14,"Atlantic_cod",0,14,3,0.797781543793997,"survey",0.420144,7.15509,2.17991770750326
"69",1,14,"Atlantic_cod",0,14,4,0,"survey",0.142216,-0.0101595,-1.41103649846487
"70",1,14,"Atlantic_cod",0,14,5,0,"survey",4.52372e-06,0.0043313,-0.00795814551261788
"71",1,15,"Atlantic_cod",0,21,1,0.0189144952451581,"survey",0.00283811,0.758924,1.38287663933377
"72",1,15,"Atlantic_cod",0,21,2,0.631362105838774,"survey",0.403476,5.93016,1.64406370277044
"73",1,15,"Atlantic_cod",0,21,3,0.349723398916068,"survey",0.417586,-1.30377,-0.481246056639445
"74",1,15,"Atlantic_cod",0,21,4,0,"survey",0.176096,-0.0156878,-1.92302262077179
"75",1,15,"Atlantic_cod",0,21,5,0,"survey",3.63507e-06,0.00695601,-0.0087370744531565
"76",1,16,"Atlantic_cod",0,14,1,0.00786934206391625,"survey",0.00318454,0.102236,0.310621784287614
"77",1,16,"Atlantic_cod",0,14,2,0.135938184035173,"survey",0.392426,-2.01763,-1.53197567840796
"78",1,16,"Atlantic_cod",0,14,3,0.856192473900911,"survey",0.402709,9.03329,2.67380551614215
"79",1,16,"Atlantic_cod",0,14,4,0,"survey",0.201678,-0.0106483,-1.68032496857007
"80",1,16,"Atlantic_cod",0,14,5,0,"survey",2.90566e-06,0.00495074,-0.00637802790837419
"81",1,17,"Atlantic_cod",0,17,1,0.00893956537655163,"survey",0.00747923,0.0290268,0.0696223410597687
"82",1,17,"Atlantic_cod",0,17,2,0.612740856600885,"survey",0.490584,2.31179,0.719093924412527
"83",1,17,"Atlantic_cod",0,17,3,0.378319578022563,"survey",0.320413,1.06669,0.42179098932425
"84",1,17,"Atlantic_cod",0,17,4,0,"survey",0.181522,-0.0127512,-1.75666559139752
"85",1,17,"Atlantic_cod",0,17,5,0,"survey",1.92047e-06,0.00671521,-0.00571384196491293
"86",1,18,"Atlantic_cod",0,19,1,0.00999480514596129,"survey",0.0207166,-0.137916,-0.32470206716888
"87",1,18,"Atlantic_cod",0,19,2,0.311865187661164,"survey",0.833436,-5.82464,-2.49031309590638
"88",1,18,"Atlantic_cod",0,19,3,0.678140007192875,"survey",0.0960656,25.1674,8.18599274126751
"89",1,18,"Atlantic_cod",0,19,4,0,"survey",0.0497812,-0.0117945,-0.972544497696635
"90",1,18,"Atlantic_cod",0,19,5,0,"survey",3.99319e-07,0.0104878,-0.00275446201643806
"91",1,19,"Atlantic_cod",0,18,1,0.00297354457743381,"survey",0.00903752,-0.0596675,-0.270625707621825
"92",1,19,"Atlantic_cod",0,18,2,0.335381203267858,"survey",0.716469,-4.58268,-1.91012853465656
"93",1,19,"Atlantic_cod",0,18,3,0.661645252154709,"survey",0.238015,12.168,3.68401215939064
"94",1,19,"Atlantic_cod",0,18,4,0,"survey",0.0364783,-0.0106143,-0.810314383433986
"95",1,19,"Atlantic_cod",0,18,5,0,"survey",2.16372e-07,0.0110383,-0.00197349841651824
"96",1,20,"Atlantic_cod",0,15,1,0.0125389432822555,"survey",0.00942627,0.0554792,0.124167869600665
"97",1,20,"Atlantic_cod",0,15,2,0.641699128849546,"survey",0.675305,-0.494476,-0.158383816885209
"98",1,20,"Atlantic_cod",0,15,3,0.345761927868198,"survey",0.271398,1.25461,0.552846582153665
"99",1,20,"Atlantic_cod",0,15,4,0,"survey",0.0438702,-0.00912192,-0.81120465974993
"100",1,20,"Atlantic_cod",0,15,5,0,"survey",1.18056e-07,0.0101068,-0.00133072912345075
"101",1,21,"Atlantic_cod",0,21,1,0.000476907706285221,"survey",0.0059183,-0.0281973,-0.324131468372051
"102",1,21,"Atlantic_cod",0,21,2,0.89729279416603,"survey",0.574203,8.40098,1.95389021697841
"103",1,21,"Atlantic_cod",0,21,3,0.102230298127684,"survey",0.34716,-2.62486,-1.90496175682815
"104",1,21,"Atlantic_cod",0,21,4,0,"survey",0.0727181,-0.0138314,-1.23575082439786
"105",1,21,"Atlantic_cod",0,21,5,0,"survey",9.15241e-08,0.0146839,-0.00138636434605049
"106",1,22,"Atlantic_cod",0,13,1,0.0048593261549149,"survey",0.00417857,0.0110062,0.037970770666353
"107",1,22,"Atlantic_cod",0,13,2,0.200583535949983,"survey",0.481571,-2.28378,-1.45991798215965
"108",1,22,"Atlantic_cod",0,13,3,0.794557137895103,"survey",0.398174,7.12989,2.26490712764588
"109",1,22,"Atlantic_cod",0,13,4,0,"survey",0.116076,-0.00916994,-1.22840872676809
"110",1,22,"Atlantic_cod",0,13,5,0,"survey",7.81577e-08,0.00929516,-0.00100799310513515
"111",1,23,"Atlantic_cod",0,14,1,0.0114707274976707,"survey",0.00331288,0.202413,0.530318463472418
"112",1,23,"Atlantic_cod",0,14,2,0.254299613569367,"survey",0.408503,-1.68768,-0.90273504806533
"113",1,23,"Atlantic_cod",0,14,3,0.734229658932963,"survey",0.421259,5.70505,1.80423476110269
"114",1,23,"Atlantic_cod",0,14,4,0,"survey",0.166925,-0.0103837,-1.52870860532673
"115",1,23,"Atlantic_cod",0,14,5,0,"survey",6.9294e-08,0.0101786,-0.000984944668496662
"116",1,24,"Atlantic_cod",0,14,1,0.0125652348454436,"survey",0.00265599,0.276744,0.719434664358061
"117",1,24,"Atlantic_cod",0,14,2,0.748806815647442,"survey",0.347741,8.03414,2.54478862883005
"118",1,24,"Atlantic_cod",0,14,3,0.238627949507114,"survey",0.427452,-1.94758,-1.08063156898726
"119",1,24,"Atlantic_cod",0,14,4,0,"survey",0.222151,-0.0107836,-1.76355153029335
"120",1,24,"Atlantic_cod",0,14,5,0,"survey",6.34411e-08,0.0103021,-0.000942430580997879
"121",1,25,"Atlantic_cod",0,18,1,0.00898721848588217,"survey",0.00235036,0.221003,0.580806698351623
"122",1,25,"Atlantic_cod",0,18,2,0.190474102316736,"survey",0.30094,-1.56815,-0.854327764082527
"123",1,25,"Atlantic_cod",0,18,3,0.800538679197382,"survey",0.418605,9.33372,2.50450557815354
"124",1,25,"Atlantic_cod",0,18,4,0,"survey",0.278104,-0.0142688,-2.23738061133997
"125",1,25,"Atlantic_cod",0,18,5,0,"survey",5.9222e-08,0.0133694,-0.0010324708228323
"126",1,26,"Atlantic_cod",0,14,1,0.0019051797073293,"survey",0.003153,-0.0127139,-0.0831484344415623
"127",1,26,"Atlantic_cod",0,14,2,0.255259612070316,"survey",0.296843,-0.539665,-0.285575194712776
"128",1,26,"Atlantic_cod",0,14,3,0.742835208222354,"survey",0.384655,6.83803,2.16087632548823
"129",1,26,"Atlantic_cod",0,14,4,0,"survey",0.315349,-0.0112738,-2.10116301128684
"130",1,26,"Atlantic_cod",0,14,5,0,"survey",5.29884e-08,0.010554,-0.000861299947753394
"131",1,27,"Atlantic_cod",0,23,1,0.112083565115273,"survey",0.0106304,6.07576,4.71905148356367
"132",1,27,"Atlantic_cod",0,23,2,0.290024105321713,"survey",0.507995,-3.73935,-1.46667100351534
"133",1,27,"Atlantic_cod",0,23,3,0.597892329563014,"survey",0.246992,12.1485,3.38615045288825
"134",1,27,"Atlantic_cod",0,23,4,0,"survey",0.234383,-0.0178392,-2.3218115771957
"135",1,27,"Atlantic_cod",0,23,5,0,"survey",3.23837e-08,0.0184707,-0.000863032502284821
"136",1,28,"Atlantic_cod",0,14,1,0.0171866516309569,"survey",0.00693167,0.220928,0.460871619647923
"137",1,28,"Atlantic_cod",0,14,2,0.524147628395216,"survey",0.510163,0.196116,0.0732589128539555
"138",1,28,"Atlantic_cod",0,14,3,0.458665719973827,"survey",0.275488,3.27071,1.30582603698345
"139",1,28,"Atlantic_cod",0,14,4,0,"survey",0.207417,-0.0106876,-1.70406513960001
"140",1,28,"Atlantic_cod",0,14,5,0,"survey",2.41872e-08,0.0116514,-0.000581911333452099
"141",1,29,"Atlantic_cod",0,17,1,0.0346654303347217,"survey",0.00421181,1.24655,1.93476848245286
"142",1,29,"Atlantic_cod",0,17,2,0.965334569665278,"survey",0.446658,12.6359,3.19987882230254
"143",1,29,"Atlantic_cod",0,17,3,0,"survey",0.331378,-0.0137739,-2.37348393716916
"144",1,29,"Atlantic_cod",0,17,4,0,"survey",0.217752,-0.0130604,-1.92400207900096
"145",1,29,"Atlantic_cod",0,17,5,0,"survey",2.05839e-08,0.0144222,-0.000591545687162031
"146",1,30,"Atlantic_cod",0,18,1,0.0159840865572308,"survey",0.00281337,0.504355,1.05349439671055
"147",1,30,"Atlantic_cod",0,18,2,0.431611236080385,"survey",0.377413,1.04012,0.374294096409684
"148",1,30,"Atlantic_cod",0,18,3,0.552404677362384,"survey",0.371654,3.93628,1.2579019210311
"149",1,30,"Atlantic_cod",0,18,4,0,"survey",0.24812,-0.0140636,-2.1133291272303
"150",1,30,"Atlantic_cod",0,18,5,0,"survey",1.84539e-08,0.0154671,-0.00057634208591773
"151",1,31,"Atlantic_cod",0,20,1,0.0147669985208979,"survey",0.0021449,0.575229,1.21882972952114
"152",1,31,"Atlantic_cod",0,20,2,0.452533176843644,"survey",0.317055,3.21668,1.07601181044329
"153",1,31,"Atlantic_cod",0,20,3,0.532699824635458,"survey",0.389896,3.32051,1.022775808112
"154",1,31,"Atlantic_cod",0,20,4,0,"survey",0.290904,-0.0159442,-2.41206965073565
"155",1,31,"Atlantic_cod",0,20,5,0,"survey",1.71032e-08,0.0173376,-0.000584862376974276
"156",1,32,"Atlantic_cod",0,10,1,0.0269161531537769,"survey",0.00197268,0.706536,1.77594128854945
"157",1,32,"Atlantic_cod",0,10,2,0.973083846846223,"survey",0.274408,12.3091,4.21771612226392
"158",1,32,"Atlantic_cod",0,10,3,0,"survey",0.387343,-0.00825827,-1.96810314770339
"159",1,32,"Atlantic_cod",0,10,4,0,"survey",0.336276,-0.00811696,-1.83378297516364
"160",1,32,"Atlantic_cod",0,10,5,0,"survey",1.60083e-08,0.00873495,-0.000400103736548411
"161",1,33,"Atlantic_cod",0,15,1,0.004333747428874,"survey",0.00210985,0.0493314,0.18751438599981
"162",1,33,"Atlantic_cod",0,15,2,0.17479991039244,"survey",0.25115,-0.950115,-0.590049693869305
"163",1,33,"Atlantic_cod",0,15,3,0.820866342178686,"survey",0.370231,9.79564,2.86836549041907
"164",1,33,"Atlantic_cod",0,15,4,0,"survey",0.376509,-0.0123449,-2.37647533124163
"165",1,33,"Atlantic_cod",0,15,5,0,"survey",1.4951e-08,0.0132049,-0.000473566257243905
"166",1,34,"Atlantic_cod",0,18,1,0.0332897532828616,"survey",0.00301787,1.44364,2.33789729716216
"167",1,34,"Atlantic_cod",0,18,2,0.146668828777698,"survey",0.262694,-1.53844,-0.960424861821776
"168",1,34,"Atlantic_cod",0,18,3,0.424263615387474,"survey",0.33763,1.74178,0.632560657044885
"169",1,34,"Atlantic_cod",0,18,4,0.395777802551967,"survey",0.396658,-0.0175892,-0.00592936586362291
"170",1,34,"Atlantic_cod",0,18,5,0,"survey",1.35167e-08,0.0160273,-0.000493255106410466
"171",1,35,"Atlantic_cod",0,8,1,0.000542870657034744,"survey",0.00609143,-0.0115618,-0.201078482869748
"172",1,35,"Atlantic_cod",0,8,2,0.288318068455452,"survey",0.359195,-0.507259,-0.33449124859691
"173",1,35,"Atlantic_cod",0,8,3,0.289473684210526,"survey",0.277266,0.09941,0.0655737425627681
"174",1,35,"Atlantic_cod",0,8,4,0.421665376676987,"survey",0.357448,0.55632,0.303802342455336
"175",1,35,"Atlantic_cod",0,8,5,0,"survey",1.07047e-08,0.00730974,-0.000292639026788978
"176",1,36,"Atlantic_cod",0,12,1,0.0140477505965886,"survey",0.00651132,0.131595,0.32353540072286
"177",1,36,"Atlantic_cod",0,12,2,0.850188674809268,"survey",0.422393,7.13009,2.2801775016737
"178",1,36,"Atlantic_cod",0,12,3,0.135763574594143,"survey",0.260644,-1.06247,-0.847346668969396
"179",1,36,"Atlantic_cod",0,12,4,0,"survey",0.310452,-0.00964451,-1.93013574652147
"180",1,36,"Atlantic_cod",0,12,5,0,"survey",8.28701e-09,0.0112716,-0.000315347617717337
"181",1,37,"Atlantic_cod",0,8,1,0.0450957050217725,"survey",0.00569113,0.748643,1.47738058839191
"182",1,37,"Atlantic_cod",0,8,2,0.954904294978227,"survey",0.434572,6.00859,2.23251766924564
"183",1,37,"Atlantic_cod",0,8,3,0,"survey",0.277483,-0.00633991,-1.48992080326439
"184",1,37,"Atlantic_cod",0,8,4,0,"survey",0.282254,-0.00635354,-1.50267494821734
"185",1,37,"Atlantic_cod",0,8,5,0,"survey",6.66889e-09,0.00768813,-0.000230978613728631
"186",1,38,"Atlantic_cod",0,16,1,0.00389241198338071,"survey",0.00491739,-0.0133364,-0.0584665160292608
"187",1,38,"Atlantic_cod",0,16,2,0.996107588016619,"survey",0.421633,13.6901,3.53886109575241
"188",1,38,"Atlantic_cod",0,16,3,0,"survey",0.301592,-0.012813,-2.19669570036453
"189",1,38,"Atlantic_cod",0,16,4,0,"survey",0.271857,-0.0126471,-2.08559631760319
"190",1,38,"Atlantic_cod",0,16,5,0,"survey",5.58485e-09,0.01566,-0.000298927415939054
"191",1,39,"Atlantic_cod",0,10,1,0.00184016183674962,"survey",0.00410382,-0.0145371,-0.111742064896714
"192",1,39,"Atlantic_cod",0,10,2,0.99815983816325,"survey",0.392736,9.30287,3.05498555256137
"193",1,39,"Atlantic_cod",0,10,3,0,"survey",0.32502,-0.00808293,-1.80283110689826
"194",1,39,"Atlantic_cod",0,10,4,0,"survey",0.27814,-0.00792725,-1.66775297931079
"195",1,39,"Atlantic_cod",0,10,5,0,"survey",4.9086e-09,0.00991648,-0.000221553605251641
"196",1,40,"Atlantic_cod",0,10,1,0.0064043882326232,"survey",0.00462047,0.0222001,0.0829911661001204
"197",1,40,"Atlantic_cod",0,10,2,0.256721128988553,"survey",0.390745,-1.07856,-0.678008974984391
"198",1,40,"Atlantic_cod",0,10,3,0.736874482778823,"survey",0.325002,6.02708,2.28465044048901
"199",1,40,"Atlantic_cod",0,10,4,0,"survey",0.279633,-0.0079326,-1.67222307124379
"200",1,40,"Atlantic_cod",0,10,5,0,"survey",4.23194e-09,0.0100647,-0.000205716795619609
"201",1,41,"Atlantic_cod",0,13,1,0.00418252315645868,"survey",0.00885485,-0.0404496,-0.179025249310926
"202",1,41,"Atlantic_cod",0,13,2,0.787804265096575,"survey",0.499523,4.66041,1.47065346522157
"203",1,41,"Atlantic_cod",0,13,3,0.208013211746966,"survey",0.263154,-0.635898,-0.387560634673891
"204",1,41,"Atlantic_cod",0,13,4,0,"survey",0.228468,-0.0100498,-1.72339316466093
"205",1,41,"Atlantic_cod",0,13,5,0,"survey",3.00236e-09,0.0135302,-0.000197561838420278
"206",1,42,"Atlantic_cod",0,8,1,0.18677384914903,"survey",0.0162174,3.65171,3.78810950528704
"207",1,42,"Atlantic_cod",0,8,2,0.81322615085097,"survey",0.721541,0.775482,0.305290640738346
"208",1,42,"Atlantic_cod",0,8,3,0,"survey",0.151783,-0.0058575,-1.10193647729803
"209",1,42,"Atlantic_cod",0,8,4,0,"survey",0.110459,-0.00560338,-0.940038297092198
"210",1,42,"Atlantic_cod",0,8,5,0,"survey",1.27902e-09,0.00900856,-0.000101154139806535
"211",1,1,"Atlantic_herring",0,11,1,0,"survey",8.60567e-11,0.015354,-3.07672504458881e-05
"212",1,1,"Atlantic_herring",0,11,2,0.00847830874256772,"survey",0.0269422,-0.107986,-0.373080928075496
"213",1,1,"Atlantic_herring",0,11,3,0.0289583792116274,"survey",0.134931,-0.490711,-0.956828599811041
"214",1,1,"Atlantic_herring",0,11,4,0.962563312045805,"survey",0.578804,5.37922,1.67297521742574
"215",1,1,"Atlantic_herring",0,11,5,0,"survey",0.259323,-0.00864296,-1.6889502656976
"216",1,4,"Atlantic_herring",0,1,1,0,"survey",5.56741e-11,0.00143935,-7.46150789050042e-06
"217",1,4,"Atlantic_herring",0,1,2,0,"survey",0.0247788,-0.000551032,-0.157412833021962
"218",1,4,"Atlantic_herring",0,1,3,0,"survey",0.509014,-0.00085313,-0.713452170786522
"219",1,4,"Atlantic_herring",0,1,4,1,"survey",0.446342,0.805947,0.828719774743829
"220",1,4,"Atlantic_herring",0,1,5,0,"survey",0.0198646,-0.000528938,-0.140941831973336
"221",1,5,"Atlantic_herring",0,5,1,0,"survey",5.16032e-11,0.00723468,-1.60628764547325e-05
"222",1,5,"Atlantic_herring",0,5,2,0,"survey",0.0118109,-0.00238486,-0.243011316608918
"223",1,5,"Atlantic_herring",0,5,3,0,"survey",0.580972,-0.00433173,-1.70436498438568
"224",1,5,"Atlantic_herring",0,5,4,1,"survey",0.398106,4.60135,2.13307268655402
"225",1,5,"Atlantic_herring",0,5,5,0,"survey",0.00911132,-0.00225517,-0.213439921289341
"226",1,6,"Atlantic_herring",0,1,1,0,"survey",6.2076e-11,0.00142847,-7.87883240080661e-06
"227",1,6,"Atlantic_herring",0,1,2,0,"survey",0.0109739,-0.000469626,-0.10475638405367
"228",1,6,"Atlantic_herring",0,1,3,1,"survey",0.470882,0.752447,0.771074767010646
"229",1,6,"Atlantic_herring",0,1,4,0,"survey",0.512794,-0.000853869,-0.716096362230671
"230",1,6,"Atlantic_herring",0,1,5,0,"survey",0.00534955,-0.000397811,-0.0731406179902795
"231",1,7,"Atlantic_herring",0,3,1,0,"survey",7.72661e-11,0.00421977,-1.52249236451287e-05
"232",1,7,"Atlantic_herring",0,3,2,0,"survey",0.0337026,-0.00174533,-0.317974527281668
"233",1,7,"Atlantic_herring",0,3,3,0,"survey",0.424244,-0.00250477,-1.12815424477329
"234",1,7,"Atlantic_herring",0,3,4,1,"survey",0.538811,1.85323,1.08823162031572
"235",1,7,"Atlantic_herring",0,3,5,0,"survey",0.00324239,-0.0010433,-0.09862641633964
"236",1,8,"Atlantic_herring",0,4,1,0,"survey",6.604e-11,0.00568912,-1.6252999723128e-05
"237",1,8,"Atlantic_herring",0,4,2,0,"survey",0.0179323,-0.00207484,-0.267823075928868
"238",1,8,"Atlantic_herring",0,4,3,0,"survey",0.622337,-0.00349288,-1.57776677617448
"239",1,8,"Atlantic_herring",0,4,4,1,"survey",0.358395,4.10124,2.14346681565535
"240",1,8,"Atlantic_herring",0,4,5,0,"survey",0.00133594,-0.00103657,-0.073101025984592
"241",1,9,"Atlantic_herring",0,5,1,0,"survey",6.99255e-11,0.00708283,-1.86983288023288e-05
"242",1,9,"Atlantic_herring",0,5,2,0,"survey",0.0250229,-0.00276006,-0.353715280981752
"243",1,9,"Atlantic_herring",0,5,3,0.52032967032967,"survey",0.53351,-0.0658631,-0.040349670556618
"244",1,9,"Atlantic_herring",0,5,4,0.47967032967033,"survey",0.440783,0.202015,0.130972677459235
"245",1,9,"Atlantic_herring",0,5,5,0,"survey",0.000683809,-0.000961024,-0.0584726004210519
"246",1,10,"Atlantic_herring",0,10,1,0,"survey",6.59499e-11,0.0142242,-2.56807126069352e-05
"247",1,10,"Atlantic_herring",0,10,2,0.0253553434645476,"survey",0.0275582,-0.0203225,-0.0419624454925846
"248",1,10,"Atlantic_herring",0,10,3,0.919141441035514,"survey",0.574189,4.31911,1.43956668808959
"249",1,10,"Atlantic_herring",0,10,4,0.0555032154999386,"survey",0.397939,-1.09403,-1.71660704273294
"250",1,10,"Atlantic_herring",0,10,5,0,"survey",0.000313709,-0.00114322,-0.056009731297338
"251",1,11,"Atlantic_herring",0,13,1,0,"survey",5.87903e-11,0.0186407,-2.76455041552872e-05
"252",1,11,"Atlantic_herring",0,13,2,0.079015873015873,"survey",0.0511854,0.447134,0.443526132196994
"253",1,11,"Atlantic_herring",0,13,3,0.253269841269841,"survey",0.582718,-2.74353,-1.55607148386285
"254",1,11,"Atlantic_herring",0,13,4,0.667714285714286,"survey",0.365962,5.21486,1.79847435080099
"255",1,11,"Atlantic_herring",0,13,5,0,"survey",0.000134363,-0.000384442,-0.0417937674779386
"256",1,12,"Atlantic_herring",0,15,1,0,"survey",3.72714e-11,0.0221918,-2.3644682277417e-05
"257",1,12,"Atlantic_herring",0,15,2,0.118048923822816,"survey",0.0710092,0.900973,0.683680326491574
"258",1,12,"Atlantic_herring",0,15,3,0.527326819951517,"survey",0.677642,-1.98563,-0.707209869936112
"259",1,12,"Atlantic_herring",0,15,4,0.354624256225667,"survey",0.251308,1.83031,0.798198915244716
"260",1,12,"Atlantic_herring",0,15,5,0,"survey",4.06762e-05,0.00134787,-0.0247010728511941
"261",1,13,"Atlantic_herring",0,9,1,0,"survey",2.07663e-11,0.0138412,-1.36710167873498e-05
"262",1,13,"Atlantic_herring",0,9,2,0,"survey",0.00845485,-0.00399205,-0.275850774876563
"263",1,13,"Atlantic_herring",0,9,3,0.389348261517128,"survey",0.784414,-2.45477,-1.33819053668897
"264",1,13,"Atlantic_herring",0,9,4,0.610651738482872,"survey",0.20712,5.93843,2.66003857354759
"265",1,13,"Atlantic_herring",0,9,5,0,"survey",1.06308e-05,0.00201581,-0.00978147228181934
"266",1,14,"Atlantic_herring",0,6,1,0,"survey",2.73222e-11,0.00906296,-1.2803640107407e-05
"267",1,14,"Atlantic_herring",0,6,2,0.0373129950132004,"survey",0.00341708,0.536847,1.42035012561996
"268",1,14,"Atlantic_herring",0,6,3,0.135934291581109,"survey",0.479435,-1.02807,-1.21517379231661
"269",1,14,"Atlantic_herring",0,6,4,0.826752713405691,"survey",0.517141,2.32466,1.05460183469702
"270",1,14,"Atlantic_herring",0,6,5,0,"survey",6.56377e-06,0.00163305,-0.00627555734576619
"271",1,15,"Atlantic_herring",0,13,1,0,"survey",4.42199e-11,0.0190108,-2.39762111268649e-05
"272",1,15,"Atlantic_herring",0,13,2,0.0534802404849948,"survey",0.00172953,2.38992,4.48666809016014
"273",1,15,"Atlantic_herring",0,13,3,0.74849696878223,"survey",0.317784,8.32943,2.75482243448315
"274",1,15,"Atlantic_herring",0,13,4,0.198022790732775,"survey",0.680482,-3.17776,-2.10874446640843
"275",1,15,"Atlantic_herring",0,13,5,0,"survey",5.03402e-06,0.00388305,-0.0080896390525165
"276",1,16,"Atlantic_herring",0,10,1,0,"survey",8.0218e-11,0.0140284,-2.83227823491973e-05
"277",1,16,"Atlantic_herring",0,10,2,0,"survey",0.00128616,-0.00255347,-0.1134089943523
"278",1,16,"Atlantic_herring",0,10,3,0.98759458318449,"survey",0.218648,14.8812,5.20024035175608
"279",1,16,"Atlantic_herring",0,10,4,0.01240541681551,"survey",0.780061,-0.516679,-2.74854043341185
"280",1,16,"Atlantic_herring",0,10,5,0,"survey",4.32053e-06,0.00313972,-0.00657307386235694
"281",1,17,"Atlantic_herring",0,10,1,0,"survey",1.57148e-10,0.0133563,-3.96418970282705e-05
"282",1,17,"Atlantic_herring",0,10,2,0.0601871726624882,"survey",0.00218256,1.9994,3.92626343290866
"283",1,17,"Atlantic_herring",0,10,3,0.457857531266993,"survey",0.161498,4.76854,2.33203640067851
"284",1,17,"Atlantic_herring",0,10,4,0.481955296070519,"survey",0.836315,-2.65695,-1.22534783282448
"285",1,17,"Atlantic_herring",0,10,5,0,"survey",3.94575e-06,0.00323042,-0.00628152051656285
"286",1,18,"Atlantic_herring",0,18,1,0,"survey",1.19709e-10,0.0245309,-4.64194140419717e-05
"287",1,18,"Atlantic_herring",0,18,2,0.488789879578435,"survey",0.611828,-1.97738,-0.667361680977561
"288",1,18,"Atlantic_herring",0,18,3,0.483690303648433,"survey",0.0619884,17.8795,7.18598987025768
"289",1,18,"Atlantic_herring",0,18,4,0.0275198167731315,"survey",0.326182,-1.22708,-2.2186382310553
"290",1,18,"Atlantic_herring",0,18,5,0,"survey",1.39785e-06,0.00768168,-0.00501610406590613
"291",1,19,"Atlantic_herring",0,27,1,0,"survey",1.04935e-11,0.0433658,-1.68322458394595e-05
"292",1,19,"Atlantic_herring",0,27,2,0.0246724759010686,"survey",0.0431733,-0.371691,-0.462663600476191
"293",1,19,"Atlantic_herring",0,27,3,0.748707009317583,"survey",0.941736,-4.6426,-1.0335698582022
"294",1,19,"Atlantic_herring",0,27,4,0.226620514781349,"survey",0.0150902,16.5758,8.94760904489038
"295",1,19,"Atlantic_herring",0,27,5,0,"survey",5.83635e-08,0.0200934,-0.00125531450242559
"296",1,20,"Atlantic_herring",0,23,1,0,"survey",6.98962e-12,0.0378753,-1.2679166376383e-05
"297",1,20,"Atlantic_herring",0,23,2,0,"survey",0.105961,-0.0160142,-1.56112235266811
"298",1,20,"Atlantic_herring",0,23,3,0.914515912847931,"survey",0.651717,7.11496,1.5611978964983
"299",1,20,"Atlantic_herring",0,23,4,0.0854840871520693,"survey",0.242322,-2.04864,-1.527983096477
"300",1,20,"Atlantic_herring",0,23,5,0,"survey",1.82811e-08,0.0197852,-0.000648432957213003
"301",1,21,"Atlantic_herring",0,25,1,0,"survey",3.08743e-12,0.0432105,-8.78554210051947e-06
"302",1,21,"Atlantic_herring",0,25,2,0,"survey",0.00952753,-0.0113875,-0.488045336008859
"303",1,21,"Atlantic_herring",0,25,3,0.72744671492933,"survey",0.836111,-2.53756,-0.594189349139056
"304",1,21,"Atlantic_herring",0,25,4,0.27255328507067,"survey",0.154362,3.87249,1.50412960924626
"305",1,21,"Atlantic_herring",0,25,5,0,"survey",3.76906e-09,0.0254513,-0.000306963352861543
"306",1,22,"Atlantic_herring",0,9,1,0,"survey",4.28223e-12,0.0152615,-6.20806491589771e-06
"307",1,22,"Atlantic_herring",0,9,2,0.0117824683975251,"survey",0.0259319,-0.0834706,-0.263598588121033
"308",1,22,"Atlantic_herring",0,9,3,0.740134403031469,"survey",0.482994,2.83972,1.10999419389612
"309",1,22,"Atlantic_herring",0,9,4,0.248083128571006,"survey",0.491074,-1.52466,-1.04025004385747
"310",1,22,"Atlantic_herring",0,9,5,0,"survey",2.36016e-09,0.00958353,-0.00014574443385598
"311",1,23,"Atlantic_herring",0,8,1,0,"survey",4.39479e-12,0.013545,-5.92944516797314e-06
"312",1,23,"Atlantic_herring",0,8,2,0,"survey",0.0714171,-0.00525467,-0.755868242486745
"313",1,23,"Atlantic_herring",0,8,3,0.907140939173287,"survey",0.538247,3.78377,1.42218372527086
"314",1,23,"Atlantic_herring",0,8,4,0.0928590608267126,"survey",0.390336,-1.0669,-1.34672522276271
"315",1,23,"Atlantic_herring",0,8,5,0,"survey",1.10174e-09,0.00912787,-9.3882479728648e-05
"316",1,24,"Atlantic_herring",0,9,1,0,"survey",2.72301e-12,0.0156688,-4.95046361465267e-06
"317",1,24,"Atlantic_herring",0,9,2,0.0105928853754941,"survey",0.00706755,0.0397799,0.125801914063635
"318",1,24,"Atlantic_herring",0,9,3,0.743841897233202,"survey",0.771784,-0.249224,-0.0954184713923646
"319",1,24,"Atlantic_herring",0,9,4,0.245565217391304,"survey",0.221149,0.23123,0.155760433723
"320",1,24,"Atlantic_herring",0,9,5,0,"survey",3.09832e-10,0.01141,-5.28061360070968e-05
"321",1,25,"Atlantic_herring",0,14,1,0,"survey",4.1415e-12,0.0237869,-7.61452559257634e-06
"322",1,25,"Atlantic_herring",0,14,2,0.16972085772274,"survey",0.0142042,5.89491,4.88239084457157
"323",1,25,"Atlantic_herring",0,14,3,0.079624672765244,"survey",0.446425,-1.92237,-2.05409004889126
"324",1,25,"Atlantic_herring",0,14,4,0.750654469512016,"survey",0.53937,3.46861,1.07643596501613
"325",1,25,"Atlantic_herring",0,14,5,0,"survey",2.11221e-10,0.018285,-5.43791688057109e-05
"326",1,26,"Atlantic_herring",0,18,1,0,"survey",5.23327e-12,0.0301622,-9.70560971809602e-06
"327",1,26,"Atlantic_herring",0,18,2,0.726373710522573,"survey",0.0598885,32.6125,11.5546036161875
"328",1,26,"Atlantic_herring",0,18,3,0.273626289477427,"survey",0.438896,-2.32754,-1.05839726167661
"329",1,26,"Atlantic_herring",0,18,4,0,"survey",0.501215,-0.0153286,-3.00364278834884
"330",1,26,"Atlantic_herring",0,18,5,0,"survey",1.25116e-10,0.0244515,-4.74561692512154e-05
"331",1,27,"Atlantic_herring",0,16,1,0.000952303213343128,"survey",3.42013e-12,0.328896,2059.74725394349
"332",1,27,"Atlantic_herring",0,16,2,0.00345550023127364,"survey",0.00744477,-0.0420485,-0.184938680464495
"333",1,27,"Atlantic_herring",0,16,3,0.795445269773896,"survey",0.737966,0.949479,0.267641254507636
"334",1,27,"Atlantic_herring",0,16,4,0.200146926781487,"survey",0.25459,-0.770491,-0.431600513979255
"335",1,27,"Atlantic_herring",0,16,5,0,"survey",3.99972e-11,0.0235584,-2.52973358281065e-05
"336",1,28,"Atlantic_herring",0,6,1,0,"survey",4.79289e-12,0.0101068,-5.36258706223032e-06
"337",1,28,"Atlantic_herring",0,6,2,0.0391890780491817,"survey",0.00636978,0.428559,1.00726257209017
"338",1,28,"Atlantic_herring",0,6,3,0.853606382103791,"survey",0.450209,3.27339,1.4726570281231
"339",1,28,"Atlantic_herring",0,6,4,0.107204539847027,"survey",0.543421,-1.04422,-1.44947078305397
"340",1,28,"Atlantic_herring",0,6,5,0,"survey",2.85887e-11,0.00903578,-1.30970301977204e-05
"341",1,29,"Atlantic_herring",0,8,1,0.00374131480491716,"survey",7.4704e-12,0.616073,3871.66093828848
"342",1,29,"Atlantic_herring",0,8,2,0,"survey",0.0272253,-0.00448354,-0.466693046873424
"343",1,29,"Atlantic_herring",0,8,3,0.499910921076073,"survey",0.349023,1.43529,0.72239119660485
"344",1,29,"Atlantic_herring",0,8,4,0.496347764119009,"survey",0.623752,-0.908142,-0.456271019901756
"345",1,29,"Atlantic_herring",0,8,5,0,"survey",2.44488e-11,0.0121728,-1.39853637778929e-05
"346",1,30,"Atlantic_herring",0,17,1,0,"survey",7.37265e-12,0.0279041,-1.11953137517445e-05
"347",1,30,"Atlantic_herring",0,17,2,0,"survey",0.0330396,-0.00985642,-0.749448597303377
"348",1,30,"Atlantic_herring",0,17,3,0.632394924662966,"survey",0.559229,1.31773,0.403402405814901
"349",1,30,"Atlantic_herring",0,17,4,0.367605075337034,"survey",0.407731,-0.648695,-0.259097157190546
"350",1,30,"Atlantic_herring",0,17,5,0,"survey",1.52308e-11,0.0266713,-1.60911031318552e-05
"351",1,31,"Atlantic_herring",0,9,1,0,"survey",6.14663e-12,0.0149364,-7.4377194085284e-06
"352",1,31,"Atlantic_herring",0,9,2,0,"survey",0.074123,-0.00594496,-0.81676618441265
"353",1,31,"Atlantic_herring",0,9,3,0.652599620493359,"survey",0.597408,0.516781,0.214219441828784
"354",1,31,"Atlantic_herring",0,9,4,0.347400379506641,"survey",0.328469,0.174499,0.099096045089103
"355",1,31,"Atlantic_herring",0,9,5,0,"survey",9.19899e-12,0.0145737,-9.09895103844394e-06
"356",1,32,"Atlantic_herring",0,30,1,0,"survey",3.41906e-12,0.0515467,-1.01277736941541e-05
"357",1,32,"Atlantic_herring",0,30,2,0.0406974860405589,"survey",0.00887462,1.86546,1.85022708801497
"358",1,32,"Atlantic_herring",0,30,3,0.94848597215672,"survey",0.783836,5.41198,1.01861410586467
"359",1,32,"Atlantic_herring",0,30,4,0.010816541802721,"survey",0.207289,-0.963777,-2.36360107087708
"360",1,32,"Atlantic_herring",0,30,5,0,"survey",4.21026e-12,0.0509225,-1.12386742990444e-05
"361",1,33,"Atlantic_herring",0,24,1,0,"survey",4.2343e-12,0.0407243,-1.00808332988895e-05
"362",1,33,"Atlantic_herring",0,24,2,0.0283641235849164,"survey",0.0909052,-0.793187,-1.01619396011026
"363",1,33,"Atlantic_herring",0,24,3,0.971635876415084,"survey",0.436588,18.6385,3.96700153267546
"364",1,33,"Atlantic_herring",0,24,4,0,"survey",0.472507,-0.0202966,-3.36751659238674
"365",1,33,"Atlantic_herring",0,24,5,0,"survey",4.68852e-12,0.0404799,-1.06077556532944e-05
"366",1,34,"Atlantic_herring",0,25,1,0,"survey",2.15634e-12,0.0441074,-7.3422408023709e-06
"367",1,34,"Atlantic_herring",0,25,2,0.00306089649932792,"survey",0.0219605,-0.153139,-0.637678222357502
"368",1,34,"Atlantic_herring",0,25,3,0.99418648822395,"survey",0.792522,5.62249,1.13264488871034
"369",1,34,"Atlantic_herring",0,25,4,0.00275261527672258,"survey",0.185517,-0.297622,-2.12163033700771
"370",1,34,"Atlantic_herring",0,25,5,0,"survey",2.26257e-12,0.0439872,-7.52092082128246e-06
"371",1,35,"Atlantic_herring",0,16,1,0,"survey",2.50576e-12,0.0279885,-6.33183701622207e-06
"372",1,35,"Atlantic_herring",0,16,2,0.0061038704351769,"survey",0.00504847,0.020397,0.0594151735900405
"373",1,35,"Atlantic_herring",0,16,3,0.956935740777342,"survey",0.585839,7.50394,1.9393580246018
"374",1,35,"Atlantic_herring",0,16,4,0.0369603887874807,"survey",0.409113,-1.42356,-2.32733779298207
"375",1,35,"Atlantic_herring",0,16,5,0,"survey",2.56154e-12,0.0279533,-6.40192471058509e-06
"376",1,36,"Atlantic_herring",0,13,1,0,"survey",3.87109e-12,0.0221756,-7.09395305876773e-06
"377",1,36,"Atlantic_herring",0,13,2,0.0766998341625207,"survey",0.0618136,0.216125,0.215881041015182
"378",1,36,"Atlantic_herring",0,13,3,0.521440416962805,"survey",0.348054,2.73729,1.05965241809703
"379",1,36,"Atlantic_herring",0,13,4,0.401859748874674,"survey",0.590133,-2.00817,-0.883660307820358
"380",1,36,"Atlantic_herring",0,13,5,0,"survey",3.91047e-12,0.0221624,-7.12994460006528e-06
"381",1,37,"Atlantic_herring",0,8,1,0,"survey",2.66043e-12,0.0139464,-4.61339788008795e-06
"382",1,37,"Atlantic_herring",0,8,2,0,"survey",0.00923087,-0.0036187,-0.27174797147357
"383",1,37,"Atlantic_herring",0,8,3,1,"survey",0.72791,2.53641,0.902025325897449
"384",1,37,"Atlantic_herring",0,8,4,0,"survey",0.26286,-0.00629662,-1.45013102856259
"385",1,37,"Atlantic_herring",0,8,5,0,"survey",2.67291e-12,0.0139426,-4.62420587776972e-06
"386",1,38,"Atlantic_herring",0,10,1,0,"survey",3.75525e-12,0.0170885,-6.12800946474465e-06
"387",1,38,"Atlantic_herring",0,10,2,0,"survey",0.0080003,-0.00438037,-0.28284801572576
"388",1,38,"Atlantic_herring",0,10,3,0.680453378956373,"survey",0.463034,2.61613,1.01039644596696
"389",1,38,"Atlantic_herring",0,10,4,0.319546621043627,"survey",0.528965,-1.61087,-0.910544813605807
"390",1,38,"Atlantic_herring",0,10,5,0,"survey",3.76335e-12,0.0170863,-6.13461490233902e-06
"391",1,39,"Atlantic_herring",0,13,1,0,"survey",5.94202e-12,0.0216188,-8.78898515188187e-06
"392",1,39,"Atlantic_herring",0,13,2,0,"survey",0.00354221,-0.00463587,-0.214589678223348
"393",1,39,"Atlantic_herring",0,13,3,1,"survey",0.381644,12.5123,3.60895141780004
"394",1,39,"Atlantic_herring",0,13,4,0,"survey",0.614814,-0.0113361,-2.82711549109689
"395",1,39,"Atlantic_herring",0,13,5,0,"survey",5.94784e-12,0.0216175,-8.79328834964486e-06
"396",1,40,"Atlantic_herring",0,8,1,0,"survey",1.03689e-11,0.0128587,-9.1077549374146e-06
"397",1,40,"Atlantic_herring",0,8,2,0,"survey",0.00235618,-0.00252684,-0.137293262762599
"398",1,40,"Atlantic_herring",0,8,3,0.665778394487456,"survey",0.281844,4.57497,2.04549120451879
"399",1,40,"Atlantic_herring",0,8,4,0.334221605512544,"survey",0.715799,-2.03646,-1.27565162917364
"400",1,40,"Atlantic_herring",0,8,5,0,"survey",1.03736e-11,0.0128583,-9.10981887855077e-06
"401",1,41,"Atlantic_herring",0,5,1,0,"survey",1.94927e-11,0.00772121,-9.87236040671125e-06
"402",1,41,"Atlantic_herring",0,5,2,0,"survey",0.00316384,-0.00172657,-0.125774401211057
"403",1,41,"Atlantic_herring",0,5,3,0.277500290393774,"survey",0.217191,0.339759,0.289366537905477
"404",1,41,"Atlantic_herring",0,5,4,0.722499709606226,"survey",0.779645,-0.276196,-0.14471614901153
"405",1,41,"Atlantic_herring",0,5,5,0,"survey",1.94967e-11,0.00772111,-9.87337328373642e-06
"406",1,42,"Atlantic_herring",0,17,1,0,"survey",3.32422e-11,0.0253451,-2.37721980472989e-05
"407",1,42,"Atlantic_herring",0,17,2,0.716833263653985,"survey",0.0839548,26.1202,9.00579407503749
"408",1,42,"Atlantic_herring",0,17,3,0.283166736346015,"survey",0.194233,1.81373,0.832011808678663
"409",1,42,"Atlantic_herring",0,17,4,0,"survey",0.721812,-0.0150967,-3.50297073924405
"410",1,42,"Atlantic_herring",0,17,5,0,"survey",3.32454e-11,0.025345,-2.37733422134962e-05
"411",1,1,"Atlantic_mackerel",0,27,1,0,"survey",0.000582461,-0.00475662,-0.125405131473955
"412",1,1,"Atlantic_mackerel",0,27,2,0.28790155173007,"survey",0.358988,-1.71626,-0.616493826814783
"413",1,1,"Atlantic_mackerel",0,27,3,0.214753477916805,"survey",0.273806,-1.40874,-0.586406603733375
"414",1,1,"Atlantic_mackerel",0,27,4,0.497344970353125,"survey",0.366056,4.1105,1.12755142860404
"415",1,1,"Atlantic_mackerel",0,27,5,0,"survey",0.000567376,-0.00468581,-0.12377056192811
"416",1,2,"Atlantic_mackerel",0,13,1,0,"survey",0.000883085,-0.00283096,-0.107145251878
"417",1,2,"Atlantic_mackerel",0,13,2,0,"survey",0.614762,-0.0113359,-2.82699593208055
"418",1,2,"Atlantic_mackerel",0,13,3,0.525861611642588,"survey",0.259832,4.81592,1.88172146290686
"419",1,2,"Atlantic_mackerel",0,13,4,0.474138388357412,"survey",0.124342,8.24586,3.57666341940361
"420",1,2,"Atlantic_mackerel",0,13,5,0,"survey",0.000180292,-0.000766495,-0.0484127669112188
"421",1,3,"Atlantic_mackerel",0,5,1,0,"survey",0.000505484,-0.000810018,-0.0502734522387313
"422",1,3,"Atlantic_mackerel",0,5,2,0,"survey",0.459127,-0.0042141,-1.51513530748907
"423",1,3,"Atlantic_mackerel",0,5,3,0.486171899777989,"survey",0.480252,0.0290564,0.0191013809215786
"424",1,3,"Atlantic_mackerel",0,5,4,0.513828100222011,"survey",0.0600465,5.51288,4.14083604717063
"425",1,3,"Atlantic_mackerel",0,5,5,0,"survey",6.9127e-05,0.00018427,-0.0185912613880823
"426",1,4,"Atlantic_mackerel",0,2,1,0.0237340041561851,"survey",0.0015098,0.131433,0.808875172124684
"427",1,4,"Atlantic_mackerel",0,2,2,0,"survey",0.942932,-0.0018295,-1.37326763596904
"428",1,4,"Atlantic_mackerel",0,2,3,0.976265995843815,"survey",0.0501424,5.79373,5.84899686564482
"429",1,4,"Atlantic_mackerel",0,2,4,0,"survey",0.00541252,-0.000797961,-0.104043452460979
"430",1,4,"Atlantic_mackerel",0,2,5,0,"survey",2.98732e-06,0.000701708,-0.00244430767294136
"431",1,5,"Atlantic_mackerel",0,5,1,0,"survey",0.000524189,-0.000828176,-0.0511951657874061
"432",1,5,"Atlantic_mackerel",0,5,2,0.0568226375637172,"survey",0.500506,-0.618561,-1.40234058032106
"433",1,5,"Atlantic_mackerel",0,5,3,0.683603450529343,"survey",0.495279,1.09988,0.598365787463106
"434",1,5,"Atlantic_mackerel",0,5,4,0.25957391190694,"survey",0.00369028,5.5195,9.41884930841509
"435",1,5,"Atlantic_mackerel",0,5,5,0,"survey",8.98428e-07,0.00235471,-0.00211946691410836
"436",1,6,"Atlantic_mackerel",0,1,1,0,"survey",0.000318182,-0.000115737,-0.0178376567967881
"437",1,6,"Atlantic_mackerel",0,1,2,0,"survey",0.350169,-0.000815742,-0.591750792141422
"438",1,6,"Atlantic_mackerel",0,1,3,1,"survey",0.613283,0.488333,0.493813320572626
"439",1,6,"Atlantic_mackerel",0,1,4,0,"survey",0.0362292,-0.000589,-0.190339696332636
"440",1,6,"Atlantic_mackerel",0,1,5,0,"survey",4.51251e-07,0.00053977,-0.000671752186449735
"441",1,7,"Atlantic_mackerel",0,3,1,0,"survey",0.000608685,-0.000541719,-0.0427323647836157
"442",1,7,"Atlantic_mackerel",0,3,2,0.267798897761782,"survey",0.470928,-0.453537,-0.512690794813192
"443",1,7,"Atlantic_mackerel",0,3,3,0.732201102238218,"survey",0.474727,0.950678,0.647250230047717
"444",1,7,"Atlantic_mackerel",0,3,4,0,"survey",0.053736,-0.00188521,-0.401507160583719
"445",1,7,"Atlantic_mackerel",0,3,5,0,"survey",2.02753e-07,0.0018592,-0.000779909610147227
"446",1,8,"Atlantic_mackerel",0,3,1,0,"survey",0.000813073,-0.000628531,-0.0493884500667919
"447",1,8,"Atlantic_mackerel",0,3,2,0.266701974729515,"survey",0.592812,-0.639101,-0.73361175955018
"448",1,8,"Atlantic_mackerel",0,3,3,0.733298025270485,"survey",0.368471,1.5126,1.04098859855274
"449",1,8,"Atlantic_mackerel",0,3,4,0,"survey",0.0379042,-0.00178055,-0.337212989073671
"450",1,8,"Atlantic_mackerel",0,3,5,0,"survey",6.594e-08,0.00219601,-0.000444769603277922
"451",1,9,"Atlantic_mackerel",0,4,1,0,"survey",0.000386746,-0.000540969,-0.0393317174809339
"452",1,9,"Atlantic_mackerel",0,4,2,1,"survey",0.398004,3.6821,1.90844603008475
"453",1,9,"Atlantic_mackerel",0,4,3,0,"survey",0.5625,-0.00345246,-1.5
"454",1,9,"Atlantic_mackerel",0,4,4,0,"survey",0.0391096,-0.00238659,-0.395522944972855
"455",1,9,"Atlantic_mackerel",0,4,5,0,"survey",2.97017e-08,0.00324687,-0.000344683623051633
"456",1,10,"Atlantic_mackerel",0,4,1,0,"survey",0.000250554,-0.000367418,-0.031657795248564
"457",1,10,"Atlantic_mackerel",0,4,2,0.38740959894806,"survey",0.294806,0.422829,0.341106269683113
"458",1,10,"Atlantic_mackerel",0,4,3,0.61259040105194,"survey",0.637446,-0.0982508,-0.0622633564151009
"459",1,10,"Atlantic_mackerel",0,4,4,0,"survey",0.067497,-0.00260477,-0.519603695136977
"460",1,10,"Atlantic_mackerel",0,4,5,0,"survey",1.74643e-08,0.00345918,-0.000264305126700183
"461",1,11,"Atlantic_mackerel",0,4,1,0,"survey",0.000199566,-0.000276452,-0.0282535661465947
"462",1,11,"Atlantic_mackerel",0,4,2,0.0705468500159898,"survey",0.241653,-0.347496,-0.696144697665107
"463",1,11,"Atlantic_mackerel",0,4,3,0.92945314998401,"survey",0.654993,1.29916,0.678251811977923
"464",1,11,"Atlantic_mackerel",0,4,4,0,"survey",0.103154,-0.00277434,-0.642351928462895
"465",1,11,"Atlantic_mackerel",0,4,5,0,"survey",1.19381e-08,0.00361127,-0.000218523225310263
"466",1,12,"Atlantic_mackerel",0,2,1,0,"survey",0.00112008,-0.000483055,-0.0473303285431234
"467",1,12,"Atlantic_mackerel",0,2,2,0.528331822302811,"survey",0.726419,-0.336668,-0.328683395359631
"468",1,12,"Atlantic_mackerel",0,2,3,0.471668177697189,"survey",0.224862,0.69834,0.736059613700389
"469",1,12,"Atlantic_mackerel",0,2,4,0,"survey",0.0475991,-0.00123256,-0.308542055480286
"470",1,12,"Atlantic_mackerel",0,2,5,0,"survey",3.05547e-09,0.00207806,-7.81725015590521e-05
"471",1,13,"Atlantic_mackerel",0,8,1,0,"survey",0.000466701,-0.0012322,-0.0611032568690082
"472",1,13,"Atlantic_mackerel",0,8,2,0.366038882138518,"survey",0.452957,-0.624422,-0.36528077800911
"473",1,13,"Atlantic_mackerel",0,8,3,0.633961117861482,"survey",0.516887,1.03337,0.460583189417084
"474",1,13,"Atlantic_mackerel",0,8,4,0,"survey",0.0296894,-0.00455282,-0.48735531186189
"475",1,13,"Atlantic_mackerel",0,8,5,0,"survey",1.22733e-09,0.00904155,-9.90890508583062e-05
"476",1,14,"Atlantic_mackerel",0,19,1,0,"survey",0.000340855,-0.00232973,-0.0804751203789097
"477",1,14,"Atlantic_mackerel",0,19,2,0.808730543376577,"survey",0.35174,12.7826,3.35871484697019
"478",1,14,"Atlantic_mackerel",0,19,3,0.191269456623423,"survey",0.595403,-4.12675,-2.28294889606935
"479",1,14,"Atlantic_mackerel",0,19,4,0,"survey",0.0525164,-0.0118961,-0.998905200707254
"480",1,14,"Atlantic_mackerel",0,19,5,0,"survey",6.93611e-10,0.0225574,-0.000114798122806952
"481",1,15,"Atlantic_mackerel",0,15,1,0,"survey",0.000861668,-0.00322968,-0.113688257968886
"482",1,15,"Atlantic_mackerel",0,15,2,0.0452281261131842,"survey",0.602625,-1.75867,-2.78090777270545
"483",1,15,"Atlantic_mackerel",0,15,3,0.954771873886816,"survey",0.351301,14.3078,3.94332207985804
"484",1,15,"Atlantic_mackerel",0,15,4,0,"survey",0.045212,-0.00916709,-0.823516848643669
"485",1,15,"Atlantic_mackerel",0,15,5,0,"survey",2.68208e-10,0.019233,-6.34280694960835e-05
"486",1,16,"Atlantic_mackerel",0,12,1,0,"survey",0.000988748,-0.00274875,-0.10892647061206
"487",1,16,"Atlantic_mackerel",0,12,2,0.318077989884157,"survey",0.691658,-2.96514,-1.5560679233054
"488",1,16,"Atlantic_mackerel",0,12,3,0.681922010115843,"survey",0.286215,7.09892,2.56223035355299
"489",1,16,"Atlantic_mackerel",0,12,4,0,"survey",0.0211382,-0.00642179,-0.503645113150123
"490",1,16,"Atlantic_mackerel",0,12,5,0,"survey",7.89622e-11,0.016853,-3.07822416337732e-05
"491",1,17,"Atlantic_mackerel",0,14,1,0,"survey",0.000417551,-0.00200063,-0.0764572691115763
"492",1,17,"Atlantic_mackerel",0,14,2,0.0804426622773994,"survey",0.425589,-1.87672,-1.97957559112089
"493",1,17,"Atlantic_mackerel",0,14,3,0.919557337722601,"survey",0.549261,6.62649,1.86949390270493
"494",1,17,"Atlantic_mackerel",0,14,4,0,"survey",0.0247332,-0.00771187,-0.588442690497554
"495",1,17,"Atlantic_mackerel",0,14,5,0,"survey",5.11012e-11,0.0202708,-2.67472764968697e-05
"496",1,18,"Atlantic_mackerel",0,14,1,0,"survey",0.000259363,-0.00133431,-0.0602584599869595
"497",1,18,"Atlantic_mackerel",0,14,2,0.717563047997831,"survey",0.30435,8.60946,2.80253723581058
"498",1,18,"Atlantic_mackerel",0,14,3,0.282436952002169,"survey",0.637885,-3.22154,-1.66520979397733
"499",1,18,"Atlantic_mackerel",0,14,4,0,"survey",0.0575056,-0.00889251,-0.897261611794464
"500",1,18,"Atlantic_mackerel",0,14,5,0,"survey",5.68318e-11,0.0201221,-2.82071834822266e-05
"501",1,19,"Atlantic_mackerel",0,15,1,0,"survey",0.000216478,-0.00115865,-0.0569839451073721
"502",1,19,"Atlantic_mackerel",0,15,2,0.698671831765357,"survey",0.253114,10.6333,3.42998031690075
"503",1,19,"Atlantic_mackerel",0,15,3,0.301328168234643,"survey",0.651653,-3.48645,-1.68077024928113
"504",1,19,"Atlantic_mackerel",0,15,4,0,"survey",0.0950166,-0.0102806,-1.19383792869887
"505",1,19,"Atlantic_mackerel",0,15,5,0,"survey",8.20334e-11,0.0210091,-3.50784976873298e-05
"506",1,20,"Atlantic_mackerel",0,17,1,0,"survey",0.00027396,-0.00171327,-0.0682445602227753
"507",1,20,"Atlantic_mackerel",0,17,2,0.00467500160837211,"survey",0.268855,-0.327076,-2.10070628639234
"508",1,20,"Atlantic_mackerel",0,17,3,0.995324998391628,"survey",0.608699,8.31051,2.04321571889216
"509",1,20,"Atlantic_mackerel",0,17,4,0,"survey",0.122172,-0.0120784,-1.44115370450206
"510",1,20,"Atlantic_mackerel",0,17,5,0,"survey",1.31897e-10,0.0230034,-4.73523917030597e-05
"511",1,21,"Atlantic_mackerel",0,12,1,0,"survey",0.00111832,-0.00289645,-0.115844033078964
"512",1,21,"Atlantic_mackerel",0,12,2,0.94247479328522,"survey",0.728089,2.91328,0.870350915947658
"513",1,21,"Atlantic_mackerel",0,12,3,0.0575252067147796,"survey",0.220884,-0.929037,-1.20406798896105
"514",1,21,"Atlantic_mackerel",0,12,4,0,"survey",0.0499093,-0.00745222,-0.773893791162586
"515",1,21,"Atlantic_mackerel",0,12,5,0,"survey",8.13709e-11,0.016817,-3.12482127488917e-05
"516",1,22,"Atlantic_mackerel",0,11,1,0,"survey",0.000465731,-0.00169199,-0.0715754217591486
"517",1,22,"Atlantic_mackerel",0,11,2,0.0316418628906093,"survey",0.452307,-0.927334,-2.0745132314176
"518",1,22,"Atlantic_mackerel",0,11,3,0.968358137109391,"survey",0.516239,6.69353,2.08700662272798
"519",1,22,"Atlantic_mackerel",0,11,4,0,"survey",0.0309883,-0.00630721,-0.583841845023119
"520",1,22,"Atlantic_mackerel",0,11,5,0,"survey",8.35614e-11,0.0153864,-3.03179056004863e-05
"521",1,23,"Atlantic_mackerel",0,16,1,0,"survey",0.000292395,-0.00171664,-0.0683982455915355
"522",1,23,"Atlantic_mackerel",0,16,2,0.388210489326188,"survey",0.326796,1.0679,0.429726830510839
"523",1,23,"Atlantic_mackerel",0,16,3,0.611789510673812,"survey",0.617329,-0.0915004,-0.0282014463093777
"524",1,23,"Atlantic_mackerel",0,16,4,0,"survey",0.0555823,-0.0101085,-0.943035948413421
"525",1,23,"Atlantic_mackerel",0,16,5,0,"survey",1.21066e-10,0.0217873,-4.40119983640825e-05
"526",1,24,"Atlantic_mackerel",0,15,1,0,"survey",0.000840591,-0.00319256,-0.112289202508523
"527",1,24,"Atlantic_mackerel",0,15,2,0.184560499084762,"survey",0.587863,-3.20726,-2.03722258094599
"528",1,24,"Atlantic_mackerel",0,15,3,0.815439500915238,"survey",0.361107,9.9549,2.92820502327584
"529",1,24,"Atlantic_mackerel",0,15,4,0,"survey",0.0501894,-0.00932367,-0.867664105515493
"530",1,24,"Atlantic_mackerel",0,15,5,0,"survey",1.16027e-10,0.0204893,-4.17181615127033e-05
"531",1,25,"Atlantic_mackerel",0,4,1,0,"survey",0.00127141,-0.00101678,-0.0713136733032313
"532",1,25,"Atlantic_mackerel",0,4,2,0.538258058195356,"survey",0.82837,-0.928603,-0.637504743337915
"533",1,25,"Atlantic_mackerel",0,4,3,0.461741941804644,"survey",0.157626,1.984,1.53198761650204
"534",1,25,"Atlantic_mackerel",0,4,4,0,"survey",0.0127326,-0.00193793,-0.225677646212468
"535",1,25,"Atlantic_mackerel",0,4,5,0,"survey",4.03596e-11,0.005886,-1.27058411764039e-05
"536",1,26,"Atlantic_mackerel",0,14,1,0,"survey",0.000485569,-0.00221181,-0.0824497786534324
"537",1,26,"Atlantic_mackerel",0,14,2,0.924385714285714,"survey",0.472772,8.66894,2.45756642949769
"538",1,26,"Atlantic_mackerel",0,14,3,0.0756142857142857,"survey",0.514899,-2.03154,-2.29059909666145
"539",1,26,"Atlantic_mackerel",0,14,4,0,"survey",0.0118429,-0.00668139,-0.407186198194389
"540",1,26,"Atlantic_mackerel",0,14,5,0,"survey",3.66837e-11,0.0207346,-2.26621225837299e-05
"541",1,27,"Atlantic_mackerel",0,6,1,0,"survey",0.000293354,-0.000645702,-0.0419538317677897
"542",1,27,"Atlantic_mackerel",0,6,2,0.412602371348246,"survey",0.33262,0.53268,0.33970013675037
"543",1,27,"Atlantic_mackerel",0,6,3,0.587397628651754,"survey",0.623626,-0.212023,-0.112373091577433
"544",1,27,"Atlantic_mackerel",0,6,4,0,"survey",0.0434604,-0.00364314,-0.510648998824045
"545",1,27,"Atlantic_mackerel",0,6,5,0,"survey",4.97623e-11,0.0087034,-1.72792881797833e-05
"546",1,28,"Atlantic_mackerel",0,4,1,0,"survey",0.000860364,-0.000860644,-0.0586639241783227
"547",1,28,"Atlantic_mackerel",0,4,2,0.322635857937527,"survey",0.599812,-0.800349,-0.715777868767655
"548",1,28,"Atlantic_mackerel",0,4,3,0.677364142062473,"survey",0.355246,1.74711,1.08088772004915
"549",1,28,"Atlantic_mackerel",0,4,4,0,"survey",0.0440821,-0.00243444,-0.419914753253562
"550",1,28,"Atlantic_mackerel",0,4,5,0,"survey",4.41988e-11,0.00584967,-1.32964356125993e-05
"551",1,29,"Atlantic_mackerel",0,2,1,0,"survey",0.000411087,-0.000282686,-0.0286735766865594
"552",1,29,"Atlantic_mackerel",0,2,2,1,"survey",0.411004,1.77679,1.29928468385731
"553",1,29,"Atlantic_mackerel",0,2,3,0,"survey",0.548602,-0.00172123,-1.04747505936896
"554",1,29,"Atlantic_mackerel",0,2,4,0,"survey",0.0399828,-0.00119771,-0.282781894752829
"555",1,29,"Atlantic_mackerel",0,2,5,0,"survey",5.03714e-11,0.0028987,-1.00370712859878e-05
"556",1,30,"Atlantic_mackerel",0,10,1,0,"survey",0.000254532,-0.00093429,-0.0504511645058863
"557",1,30,"Atlantic_mackerel",0,10,2,1,"survey",0.300347,12.0194,4.03711435584635
"558",1,30,"Atlantic_mackerel",0,10,3,0,"survey",0.633865,-0.00875055,-2.51766757138428
"559",1,30,"Atlantic_mackerel",0,10,4,0,"survey",0.0655334,-0.0064824,-0.809527022402588
"560",1,30,"Atlantic_mackerel",0,10,5,0,"survey",7.3894e-11,0.0141105,-2.71834508478964e-05
"561",1,31,"Atlantic_mackerel",0,9,1,0,"survey",0.000189501,-0.000575463,-0.0412978086585717
"562",1,31,"Atlantic_mackerel",0,9,2,0,"survey",0.238781,-0.00699727,-1.46595668421683
"563",1,31,"Atlantic_mackerel",0,9,3,1,"survey",0.659948,3.73525,1.25577470160205
"564",1,31,"Atlantic_mackerel",0,9,4,0,"survey",0.101082,-0.006224,-0.953801866217508
"565",1,31,"Atlantic_mackerel",0,9,5,0,"survey",1.27603e-10,0.012208,-3.38884493596269e-05
"566",1,32,"Atlantic_mackerel",0,12,1,0,"survey",0.000165479,-0.000604704,-0.0445617324618332
"567",1,32,"Atlantic_mackerel",0,12,2,0.126688293458935,"survey",0.20696,-0.745911,-0.611237387955422
"568",1,32,"Atlantic_mackerel",0,12,3,0.873311706541065,"survey",0.655582,3.00007,0.931525611229196
"569",1,32,"Atlantic_mackerel",0,12,4,0,"survey",0.137293,-0.00866591,-1.28355599799931
"570",1,32,"Atlantic_mackerel",0,12,5,0,"survey",2.38695e-10,0.0155262,-5.35195291459108e-05
"571",1,33,"Atlantic_mackerel",0,5,1,0,"survey",0.000194351,-0.000332331,-0.0311729850992811
"572",1,33,"Atlantic_mackerel",0,5,2,0.75043218607575,"survey",0.211829,4.74288,2.61674385090782
"573",1,33,"Atlantic_mackerel",0,5,3,0.24956781392425,"survey",0.623063,-1.14168,-1.05804473367072
"574",1,33,"Atlantic_mackerel",0,5,4,0,"survey",0.164913,-0.0037024,-0.908055615036876
"575",1,33,"Atlantic_mackerel",0,5,5,0,"survey",4.54198e-10,0.00614775,-4.76549053088976e-05
"576",1,34,"Atlantic_mackerel",0,9,1,0,"survey",0.000325889,-0.00106317,-0.0541571878885896
"577",1,34,"Atlantic_mackerel",0,9,2,0.406268973891925,"survey",0.285487,1.28879,0.67815693779007
"578",1,34,"Atlantic_mackerel",0,9,3,0.593731026108075,"survey",0.549898,0.407912,0.177329765108407
"579",1,34,"Atlantic_mackerel",0,9,4,0,"survey",0.164289,-0.00666091,-1.21597738465812
"580",1,34,"Atlantic_mackerel",0,9,5,0,"survey",7.88912e-10,0.0105693,-8.42627319756486e-05
"581",1,35,"Atlantic_mackerel",0,5,1,0,"survey",0.0015695,-0.00137623,-0.0885861162936947
"582",1,35,"Atlantic_mackerel",0,5,2,0.073639982308713,"survey",0.971403,-0.95029,-2.036793466245
"583",1,35,"Atlantic_mackerel",0,5,3,0.926360017691287,"survey",0.0213297,17.4586,13.8565705244079
"584",1,35,"Atlantic_mackerel",0,5,4,0,"survey",0.00569748,-0.00202054,-0.168782108056512
"585",1,35,"Atlantic_mackerel",0,5,5,0,"survey",5.01603e-11,0.00724885,-1.58367136742444e-05
"586",1,36,"Atlantic_mackerel",0,5,1,0,"survey",0.000549882,-0.000852091,-0.0524348166774711
"587",1,36,"Atlantic_mackerel",0,5,2,0.188861788617886,"survey",0.514242,-0.945893,-1.01459418069232
"588",1,36,"Atlantic_mackerel",0,5,3,0.811138211382114,"survey",0.482642,2.10325,1.05731114796014
"589",1,36,"Atlantic_mackerel",0,5,4,0,"survey",0.00256695,-0.00162209,-0.11329055565227
"590",1,36,"Atlantic_mackerel",0,5,5,0,"survey",3.95022e-11,0.00736823,-1.40538606795428e-05
"591",1,37,"Atlantic_mackerel",0,3,1,0,"survey",0.00032789,-0.000356224,-0.0313635138337527
"592",1,37,"Atlantic_mackerel",0,3,2,0,"survey",0.356791,-0.00245284,-1.03458832392406
"593",1,37,"Atlantic_mackerel",0,3,3,1,"survey",0.608363,1.48916,0.869686935420011
"594",1,37,"Atlantic_mackerel",0,3,4,0,"survey",0.0345183,-0.0017525,-0.321799471721133
"595",1,37,"Atlantic_mackerel",0,3,5,0,"survey",5.15508e-11,0.00434111,-1.24359318106847e-05
"596",1,38,"Atlantic_mackerel",0,15,1,0,"survey",0.000666758,-0.00284521,-0.100006849765404
"597",1,38,"Atlantic_mackerel",0,15,2,0.00370743054785034,"survey",0.501868,-0.278672,-2.72345514007342
"598",1,38,"Atlantic_mackerel",0,15,3,0.99629256945215,"survey",0.447504,11.9501,3.17725612608003
"599",1,38,"Atlantic_mackerel",0,15,4,0,"survey",0.0499612,-0.00931684,-0.865689320715001
"600",1,38,"Atlantic_mackerel",0,15,5,0,"survey",5.70886e-11,0.0215526,-2.92630996307637e-05
"601",1,39,"Atlantic_mackerel",0,12,1,0,"survey",0.000520327,-0.00197876,-0.0790185041619999
"602",1,39,"Atlantic_mackerel",0,12,2,0.0218017539197449,"survey",0.450005,-0.794161,-2.21121976996089
"603",1,39,"Atlantic_mackerel",0,12,3,0.978198246080255,"survey",0.501578,7.83291,2.33127695089078
"604",1,39,"Atlantic_mackerel",0,12,4,0,"survey",0.0478972,-0.00740287,-0.758133497479171
"605",1,39,"Atlantic_mackerel",0,12,5,0,"survey",6.53261e-11,0.0170804,-2.79984499570958e-05
"606",1,40,"Atlantic_mackerel",0,9,1,0,"survey",0.000316257,-0.00103618,-0.053350848165704
"607",1,40,"Atlantic_mackerel",0,9,2,0.849274109511178,"survey",0.338927,7.01566,2.62986727146595
"608",1,40,"Atlantic_mackerel",0,9,3,0.150725890488822,"survey",0.598923,-1.87165,-1.7374199757634
"609",1,40,"Atlantic_mackerel",0,9,4,0,"survey",0.0618331,-0.00578188,-0.745987868534067
"610",1,40,"Atlantic_mackerel",0,9,5,0,"survey",9.05797e-11,0.0125163,-2.85520104370953e-05
"611",1,41,"Atlantic_mackerel",0,8,1,0,"survey",0.000241604,-0.000705752,-0.0439639852606653
"612",1,41,"Atlantic_mackerel",0,8,2,0.145981589084024,"survey",0.275671,-0.742355,-0.698640841488469
"613",1,41,"Atlantic_mackerel",0,8,3,0.854018410915976,"survey",0.63452,2.02633,0.779388002462756
"614",1,41,"Atlantic_mackerel",0,8,4,0,"survey",0.0895675,-0.00543574,-0.846486857547121
"615",1,41,"Atlantic_mackerel",0,8,5,0,"survey",1.48936e-10,0.010728,-3.45179373659551e-05
"616",1,42,"Atlantic_mackerel",0,12,1,0,"survey",0.000315319,-0.00137801,-0.0615128279304407
"617",1,42,"Atlantic_mackerel",0,12,2,0.107677516824612,"survey",0.29822,-1.31629,-1.20868758361682
"618",1,42,"Atlantic_mackerel",0,12,3,0.892322483175388,"survey",0.591202,4.40224,1.35663486584653
"619",1,42,"Atlantic_mackerel",0,12,4,0,"survey",0.110262,-0.00840293,-1.15027996592134
"620",1,42,"Atlantic_mackerel",0,12,5,0,"survey",2.45019e-10,0.0154949,-5.42238692828168e-05
"621",1,1,"Spiny_dogfish",0,86,1,0.00153802087813713,"survey",1.20003e-12,2.96156,13020.1325205554
"622",1,1,"Spiny_dogfish",0,86,2,0.345522487528986,"survey",0.526816,-12.5372,-2.31633841993112
"623",1,1,"Spiny_dogfish",0,86,3,0.566151440701118,"survey",0.432786,13.0588,1.87999168431013
"624",1,1,"Spiny_dogfish",0,86,4,0.0867880508917591,"survey",0.0403133,5.73172,2.14655549598059
"625",1,1,"Spiny_dogfish",0,86,5,0,"survey",8.4418e-05,0.00145172,-0.0852053284718743
"626",1,2,"Spiny_dogfish",0,100,1,0.0232302860856445,"survey",0.0287394,-0.487397,-0.324969725870524
"627",1,2,"Spiny_dogfish",0,100,2,0.187614567907178,"survey",0.563835,-20.6446,-5.0103303594157
"628",1,2,"Spiny_dogfish",0,100,3,0.615071467571344,"survey",0.359413,33.0139,4.26445259135475
"629",1,2,"Spiny_dogfish",0,100,4,0.174083678435834,"survey",0.0479466,22.4501,5.76054879672037
"630",1,2,"Spiny_dogfish",0,100,5,0,"survey",6.62756e-05,0.00410643,-0.0814098274165963
"631",1,3,"Spiny_dogfish",0,33,1,0.00572115587359049,"survey",0.0417579,-0.378415,-1.0130553889134
"632",1,3,"Spiny_dogfish",0,33,2,0.173316542235592,"survey",0.641266,-7.48303,-3.35688768800422
"633",1,3,"Spiny_dogfish",0,33,3,0.718836486074166,"survey",0.272304,23.0101,4.91567339056681
"634",1,3,"Spiny_dogfish",0,33,4,0.102125815816652,"survey",0.0446262,2.79304,1.56360467108948
"635",1,3,"Spiny_dogfish",0,33,5,0,"survey",4.54525e-05,0.00259911,-0.0387289620310176
"636",1,4,"Spiny_dogfish",0,44,1,0,"survey",0.0434888,-0.0267192,-1.38329577459052
"637",1,4,"Spiny_dogfish",0,44,2,0.546466927462368,"survey",0.695464,-5.80306,-1.18513206006612
"638",1,4,"Spiny_dogfish",0,44,3,0.396646808798712,"survey",0.222027,10.1199,2.45819851044353
"639",1,4,"Spiny_dogfish",0,44,4,0.0568862637389206,"survey",0.0389886,0.949931,0.601248300945963
"640",1,4,"Spiny_dogfish",0,44,5,0,"survey",3.08218e-05,0.00517378,-0.0368260668548788
"641",1,5,"Spiny_dogfish",0,34,1,0.0322080391201196,"survey",0.0415889,-0.277794,-0.268221407405591
"642",1,5,"Spiny_dogfish",0,34,2,0.379695159529689,"survey",0.723468,-8.32376,-2.35668402482493
"643",1,5,"Spiny_dogfish",0,34,3,0.48912938399507,"survey",0.200586,14.8148,3.75664598493271
"644",1,5,"Spiny_dogfish",0,34,4,0.0989674173551222,"survey",0.0343363,3.56557,2.03378188758642
"645",1,5,"Spiny_dogfish",0,34,5,0,"survey",2.13812e-05,0.00524071,-0.0269622105918636
"646",1,6,"Spiny_dogfish",0,40,1,0.00133446588344602,"survey",0.0394294,-0.19007,-1.21335291619472
"647",1,6,"Spiny_dogfish",0,40,2,0.610578868224151,"survey",0.73395,-4.50139,-0.910773334927619
"648",1,6,"Spiny_dogfish",0,40,3,0.285674379697293,"survey",0.195105,4.35491,1.29681250383439
"649",1,6,"Spiny_dogfish",0,40,4,0.10241228619511,"survey",0.0314998,4.83412,2.52696257246317
"650",1,6,"Spiny_dogfish",0,40,5,0,"survey",1.53925e-05,0.00747943,-0.0248133028837356
"651",1,7,"Spiny_dogfish",0,39,1,0.02104748493807,"survey",0.0382689,-0.489341,-0.549766342271976
"652",1,7,"Spiny_dogfish",0,39,2,0.302973682030727,"survey",0.736965,-10.5034,-3.15711145227575
"653",1,7,"Spiny_dogfish",0,39,3,0.364591434839881,"survey",0.195039,8.88994,2.39759378144802
"654",1,7,"Spiny_dogfish",0,39,4,0.311387398191322,"survey",0.0297164,28.5234,10.2041383577764
"655",1,7,"Spiny_dogfish",0,39,5,0,"survey",1.12448e-05,0.00851632,-0.0209415185695785
"656",1,8,"Spiny_dogfish",0,49,1,0.0168299140561503,"survey",0.037964,-0.670001,-0.759268752273385
"657",1,8,"Spiny_dogfish",0,49,2,0.47796347146081,"survey",0.736904,-10.143,-2.11150742618798
"658",1,8,"Spiny_dogfish",0,49,3,0.410577063768478,"survey",0.196401,14.8263,3.38296204513152
"659",1,8,"Spiny_dogfish",0,49,4,0.0946295507145611,"survey",0.028722,5.5342,2.7222366305609
"660",1,8,"Spiny_dogfish",0,49,5,0,"survey",8.31268e-06,0.0121797,-0.0201822030512033
"661",1,9,"Spiny_dogfish",0,36,1,0.0168993237653374,"survey",0.038368,-0.498236,-0.657615341349929
"662",1,9,"Spiny_dogfish",0,36,2,0.466617910695151,"survey",0.737552,-7.69326,-1.89286037521635
"663",1,9,"Spiny_dogfish",0,36,3,0.461520343017161,"survey",0.196208,14.2027,3.59377058677964
"664",1,9,"Spiny_dogfish",0,36,4,0.0549624225223509,"survey",0.0278661,1.34836,0.973920500814156
"665",1,9,"Spiny_dogfish",0,36,5,0,"survey",6.10104e-06,0.0100613,-0.0148201700395103
"666",1,10,"Spiny_dogfish",0,43,1,0.0228798542578024,"survey",0.0375116,-0.484469,-0.495390391884686
"667",1,10,"Spiny_dogfish",0,43,2,0.592192542921816,"survey",0.73697,-5.57601,-1.10588576387154
"668",1,10,"Spiny_dogfish",0,43,3,0.351169295177752,"survey",0.198072,8.64186,2.25574603318108
"669",1,10,"Spiny_dogfish",0,43,4,0.0337583076426296,"survey",0.0274416,0.305042,0.250046217815866
"670",1,10,"Spiny_dogfish",0,43,5,0,"survey",4.50519e-06,0.0133209,-0.0139184471116572
"671",1,11,"Spiny_dogfish",0,41,1,0.0324274000464581,"survey",0.0353755,-0.112551,-0.100365127078877
"672",1,11,"Spiny_dogfish",0,41,2,0.569464030625776,"survey",0.731334,-5.84676,-1.21199361167167
"673",1,11,"Spiny_dogfish",0,41,3,0.398108569327766,"survey",0.205138,10.8157,2.7280978794797
"674",1,11,"Spiny_dogfish",0,41,4,0,"survey",0.0281488,-0.0231149,-1.07429083585405
"675",1,11,"Spiny_dogfish",0,41,5,0,"survey",3.44985e-06,0.0137951,-0.0118930168586444
"676",1,12,"Spiny_dogfish",0,35,1,0.0358712738984884,"survey",0.0335973,0.0852868,0.0733951409591221
"677",1,12,"Spiny_dogfish",0,35,2,0.569337164863857,"survey",0.722945,-4.76463,-1.06879585647952
"678",1,12,"Spiny_dogfish",0,35,3,0.322202164908698,"survey",0.213838,4.62015,1.38636398826003
"679",1,12,"Spiny_dogfish",0,35,4,0.0725893963289565,"survey",0.0296175,2.28179,1.4772171564628
"680",1,12,"Spiny_dogfish",0,35,5,0,"survey",2.7064e-06,0.0126254,-0.00973262554504179
"681",1,13,"Spiny_dogfish",0,32,1,0.0116676788058064,"survey",0.0325454,-0.383069,-0.65465618598391
"682",1,13,"Spiny_dogfish",0,32,2,0.268055909260094,"survey",0.713158,-8.39345,-2.98154757976331
"683",1,13,"Spiny_dogfish",0,32,3,0.681386761220052,"survey",0.222518,24.3854,5.50276426277379
"684",1,13,"Spiny_dogfish",0,32,4,0.0388896507140478,"survey",0.0317763,0.25449,0.225734296189427
"685",1,13,"Spiny_dogfish",0,32,5,0,"survey",2.17747e-06,0.0122387,-0.0083473971991274
"686",1,14,"Spiny_dogfish",0,21,1,0.00628483630003759,"survey",0.032999,-0.220193,-0.673908354942588
"687",1,14,"Spiny_dogfish",0,21,2,0.394910018143481,"survey",0.707241,-4.83336,-1.7019272778888
"688",1,14,"Spiny_dogfish",0,21,3,0.598805145556482,"survey",0.226197,12.2338,3.59019941459615
"689",1,14,"Spiny_dogfish",0,21,4,0,"survey",0.0335619,-0.0122085,-0.83952361491503
"690",1,14,"Spiny_dogfish",0,21,5,0,"survey",1.73828e-06,0.00850448,-0.00604184408934888
"691",1,15,"Spiny_dogfish",0,30,1,0.0084542445409848,"survey",0.0344884,-0.357738,-0.767834457609208
"692",1,15,"Spiny_dogfish",0,30,2,0.559032664283642,"survey",0.707469,-3.95344,-0.966600788129997
"693",1,15,"Spiny_dogfish",0,30,3,0.393891903307878,"survey",0.223756,6.67805,1.97001373344839
"694",1,15,"Spiny_dogfish",0,30,4,0.0386211878674954,"survey",0.034285,0.140697,0.128267503019839
"695",1,15,"Spiny_dogfish",0,30,5,0,"survey",1.35288e-06,0.0129008,-0.0063707456392482
"696",1,16,"Spiny_dogfish",0,19,1,0,"survey",0.0354708,-0.0111508,-0.820941654443238
"697",1,16,"Spiny_dogfish",0,19,2,0.262087293077624,"survey",0.710088,-4.96329,-2.31739151802637
"698",1,16,"Spiny_dogfish",0,19,3,0.655370731367086,"survey",0.219987,13.584,4.0462292844258
"699",1,16,"Spiny_dogfish",0,19,4,0.0825419755552902,"survey",0.0344531,1.37232,1.1292946491884
"700",1,16,"Spiny_dogfish",0,19,5,0,"survey",1.04419e-06,0.00866239,-0.0044541677112565
"701",1,17,"Spiny_dogfish",0,35,1,0.0019685985116002,"survey",0.0347311,-0.20416,-1.04004422444429
"702",1,17,"Spiny_dogfish",0,35,2,0.486452823299366,"survey",0.709298,-6.42417,-1.56539121822196
"703",1,17,"Spiny_dogfish",0,35,3,0.441293966167491,"survey",0.22081,10.6873,2.7758862514059
"704",1,17,"Spiny_dogfish",0,35,4,0.0702846120215429,"survey",0.0351609,1.70765,1.108165022966
"705",1,17,"Spiny_dogfish",0,35,5,0,"survey",8.24654e-07,0.0167827,-0.00537241938050261
"706",1,18,"Spiny_dogfish",0,27,1,0,"survey",0.0346718,-0.0157844,-0.967542557203558
"707",1,18,"Spiny_dogfish",0,27,2,0.44521001817682,"survey",0.707981,-5.57781,-1.62273829232883
"708",1,18,"Spiny_dogfish",0,27,3,0.55478998182318,"survey",0.22153,13.7423,3.67916084464702
"709",1,18,"Spiny_dogfish",0,27,4,0,"survey",0.035817,-0.0158721,-0.983391580195804
"710",1,18,"Spiny_dogfish",0,27,5,0,"survey",6.52737e-07,0.0135776,-0.004198082776697
"711",1,19,"Spiny_dogfish",0,34,1,0,"survey",0.0356335,-0.0199697,-1.10069932315778
"712",1,19,"Spiny_dogfish",0,34,2,0.739773462665292,"survey",0.71103,0.987252,0.198762559924907
"713",1,19,"Spiny_dogfish",0,34,3,0.260226537334708,"survey",0.217959,1.56701,0.527908919812006
"714",1,19,"Spiny_dogfish",0,34,4,0,"survey",0.0353775,-0.0199452,-1.09673834618837
"715",1,19,"Spiny_dogfish",0,34,5,0,"survey",5.00743e-07,0.0179985,-0.00412616795586413
"716",1,20,"Spiny_dogfish",0,42,1,0,"survey",0.0346262,-0.024548,-1.20594377978412
"717",1,20,"Spiny_dogfish",0,42,2,0.645640093186283,"survey",0.710313,-2.59712,-0.497304220498575
"718",1,20,"Spiny_dogfish",0,42,3,0.354359906813717,"survey",0.219394,7.13079,1.86739567684038
"719",1,20,"Spiny_dogfish",0,42,4,0,"survey",0.0356663,-0.0246723,-1.22392181122815
"720",1,20,"Spiny_dogfish",0,42,5,0,"survey",3.9313e-07,0.0232492,-0.00406342958595322
"721",1,21,"Spiny_dogfish",0,41,1,0.00279350698376746,"survey",0.0316812,-0.283838,-1.03921157904811
"722",1,21,"Spiny_dogfish",0,41,2,0.736463496896447,"survey",0.696608,1.66835,0.305763701751839
"723",1,21,"Spiny_dogfish",0,41,3,0.260742996119785,"survey",0.233053,1.19882,0.367271707719076
"724",1,21,"Spiny_dogfish",0,41,4,0,"survey",0.0386572,-0.0244148,-1.258946067153
"725",1,21,"Spiny_dogfish",0,41,5,0,"survey",3.32315e-07,0.0233843,-0.00369119425118755
"726",1,22,"Spiny_dogfish",0,44,1,0,"survey",0.0286242,-0.0248798,-1.12225879368352
"727",1,22,"Spiny_dogfish",0,44,2,0.59601639082119,"survey",0.676181,-3.31698,-0.646662290454365
"728",1,22,"Spiny_dogfish",0,44,3,0.40398360917881,"survey",0.251408,8.42412,2.01846816549334
"729",1,22,"Spiny_dogfish",0,44,4,0,"survey",0.0437858,-0.0267492,-1.38801123914758
"730",1,22,"Spiny_dogfish",0,44,5,0,"survey",2.96451e-07,0.0255976,-0.00361162622650794
"731",1,23,"Spiny_dogfish",0,28,1,0,"survey",0.0267294,-0.015641,-0.865114558888012
"732",1,23,"Spiny_dogfish",0,28,2,0.405156633889207,"survey",0.656321,-5.47375,-1.64051002806235
"733",1,23,"Spiny_dogfish",0,28,3,0.594843366110793,"survey",0.267369,13.3091,3.35120349249284
"734",1,23,"Spiny_dogfish",0,28,4,0,"survey",0.049581,-0.0173701,-1.17824785168487
"735",1,23,"Spiny_dogfish",0,28,5,0,"survey",2.67173e-07,0.0165804,-0.00273511316036467
"736",1,24,"Spiny_dogfish",0,34,1,0,"survey",0.0257708,-0.0188685,-0.936059399824605
"737",1,24,"Spiny_dogfish",0,34,2,0.562710295338404,"survey",0.63821,-2.41418,-0.55106510214364
"738",1,24,"Spiny_dogfish",0,34,3,0.437289704661596,"survey",0.280125,6.61573,1.73148424624098
"739",1,24,"Spiny_dogfish",0,34,4,0,"survey",0.0558938,-0.0214995,-1.37854604565825
"740",1,24,"Spiny_dogfish",0,34,5,0,"survey",2.43297e-07,0.0204515,-0.00287612551881868
"741",1,25,"Spiny_dogfish",0,36,1,0,"survey",0.0255942,-0.0199536,-0.959891243839634
"742",1,25,"Spiny_dogfish",0,36,2,0.227071487185805,"survey",0.622697,-8.24647,-3.00813383097571
"743",1,25,"Spiny_dogfish",0,36,3,0.772928512814195,"survey",0.28917,27.3367,5.397631769891
"744",1,25,"Spiny_dogfish",0,36,4,0,"survey",0.0625386,-0.0231683,-1.500463128504
"745",1,25,"Spiny_dogfish",0,36,5,0,"survey",2.23813e-07,0.0219548,-0.00283853271955776
"746",1,26,"Spiny_dogfish",0,31,1,0,"survey",0.0264871,-0.0172886,-0.906145738830129
"747",1,26,"Spiny_dogfish",0,31,2,0.0533078816636592,"survey",0.617436,-4.05118,-3.99726204867699
"748",1,26,"Spiny_dogfish",0,31,3,0.946692118336341,"survey",0.289229,34.7736,6.8066171581174
"749",1,26,"Spiny_dogfish",0,31,4,0,"survey",0.0668479,-0.020157,-1.43954329563233
"750",1,26,"Spiny_dogfish",0,31,5,0,"survey",1.98805e-07,0.0192727,-0.00248252995953725
"751",1,27,"Spiny_dogfish",0,39,1,0,"survey",0.0277261,-0.0219283,-1.03986436615551
"752",1,27,"Spiny_dogfish",0,39,2,0.131113122913008,"survey",0.619522,-7.9413,-3.87514078990715
"753",1,27,"Spiny_dogfish",0,39,3,0.83179699655163,"survey",0.283777,34.8606,6.42451152521297
"754",1,27,"Spiny_dogfish",0,39,4,0.0370898805353617,"survey",0.068975,-0.896204,-0.75818379434344
"755",1,27,"Spiny_dogfish",0,39,5,0,"survey",1.72076e-07,0.0248091,-0.00259055283675126
"756",1,28,"Spiny_dogfish",0,38,1,0.000672381265841139,"survey",0.028893,-0.106265,-1.02343911399208
"757",1,28,"Spiny_dogfish",0,38,2,0.0647462097553668,"survey",0.62444,-5.57935,-4.36613268145271
"758",1,28,"Spiny_dogfish",0,38,3,0.934581408978792,"survey",0.276765,43.1873,7.70798599590816
"759",1,28,"Spiny_dogfish",0,38,4,0,"survey",0.0699016,-0.0248782,-1.62980391458605
"760",1,28,"Spiny_dogfish",0,38,5,0,"survey",1.47652e-07,0.0247544,-0.00236870766452933
"761",1,29,"Spiny_dogfish",0,48,1,0.000212182106844238,"survey",0.029721,-0.0682442,-1.18587993824929
"762",1,29,"Spiny_dogfish",0,48,2,0.079921616703571,"survey",0.629216,-7.91886,-4.79762057309436
"763",1,29,"Spiny_dogfish",0,48,3,0.919866201189585,"survey",0.270633,53.9819,8.64631321555371
"764",1,29,"Spiny_dogfish",0,48,4,0,"survey",0.0704301,-0.0314613,-1.83865298520411
"765",1,29,"Spiny_dogfish",0,48,5,0,"survey",1.27033e-07,0.0319903,-0.00246932865370327
"766",1,30,"Spiny_dogfish",0,38,1,0.00673054173668316,"survey",0.030767,-0.390583,-0.84473346185505
"767",1,30,"Spiny_dogfish",0,38,2,0.0698594716843532,"survey",0.637973,-5.8746,-4.38455760099743
"768",1,30,"Spiny_dogfish",0,38,3,0.923409986578964,"survey",0.262278,44.1352,7.95791023781796
"769",1,30,"Spiny_dogfish",0,38,4,0,"survey",0.0689823,-0.0248279,-1.61905138893119
"770",1,30,"Spiny_dogfish",0,38,5,0,"survey",1.06403e-07,0.0259987,-0.00201079934354475
"771",1,31,"Spiny_dogfish",0,61,1,0.00118639658896843,"survey",0.0314283,-0.250694,-1.33233548359239
"772",1,31,"Spiny_dogfish",0,61,2,0.20250172474242,"survey",0.645435,-14.3188,-4.30602918671354
"773",1,31,"Spiny_dogfish",0,61,3,0.796311878668612,"survey",0.255783,55.1259,8.34733764748771
"774",1,31,"Spiny_dogfish",0,61,4,0,"survey",0.067353,-0.0397096,-2.02695165211211
"775",1,31,"Spiny_dogfish",0,61,5,0,"survey",8.90868e-08,0.0428178,-0.00233115739494355
"776",1,32,"Spiny_dogfish",0,48,1,0.00342369334306943,"survey",0.0319795,-0.372945,-1.10631605983328
"777",1,32,"Spiny_dogfish",0,48,2,0.338059856919529,"survey",0.652253,-10.6656,-2.69531345219106
"778",1,32,"Spiny_dogfish",0,48,3,0.658516449737401,"survey",0.250359,30.547,5.65153917404342
"779",1,32,"Spiny_dogfish",0,48,4,0,"survey",0.0654081,-0.0311064,-1.77188848407568
"780",1,32,"Spiny_dogfish",0,48,5,0,"survey",7.41903e-08,0.0345705,-0.001887096817866
"781",1,33,"Spiny_dogfish",0,49,1,0.011372040096759,"survey",0.0325973,-0.587029,-0.822924973563442
"782",1,33,"Spiny_dogfish",0,49,2,0.430973362660013,"survey",0.658429,-8.95314,-1.96218643772652
"783",1,33,"Spiny_dogfish",0,49,3,0.557654597243229,"survey",0.245653,22.3857,4.4065004743756
"784",1,33,"Spiny_dogfish",0,49,4,0,"survey",0.0633207,-0.0315956,-1.76145232691663
"785",1,33,"Spiny_dogfish",0,49,5,0,"survey",6.15305e-08,0.0362071,-0.00173637395165903
"786",1,34,"Spiny_dogfish",0,44,1,0.0956012073522964,"survey",0.0332938,4.44174,2.26508412057405
"787",1,34,"Spiny_dogfish",0,44,2,0.417354957564353,"survey",0.663704,-8.52142,-2.00581095629974
"788",1,34,"Spiny_dogfish",0,44,3,0.487043835083351,"survey",0.241635,15.0101,3.3115903766365
"789",1,34,"Spiny_dogfish",0,44,4,0,"survey",0.0613675,-0.0282337,-1.64321940105392
"790",1,34,"Spiny_dogfish",0,44,5,0,"survey",5.10411e-08,0.0333344,-0.00149860214867055
"791",1,35,"Spiny_dogfish",0,61,1,0.0525394012545529,"survey",0.0336012,1.43911,0.806912143082737
"792",1,35,"Spiny_dogfish",0,61,2,0.730881839246356,"survey",0.667189,4.04743,0.609019344804322
"793",1,35,"Spiny_dogfish",0,61,3,0.216578759499091,"survey",0.239297,-1.31828,-0.362719566112975
"794",1,35,"Spiny_dogfish",0,61,4,0,"survey",0.0599133,-0.038996,-1.91172992339399
"795",1,35,"Spiny_dogfish",0,61,5,0,"survey",4.26158e-08,0.0473136,-0.00161231628410805
"796",1,36,"Spiny_dogfish",0,67,1,0.015168926128288,"survey",0.0332198,-0.795334,-0.810656979640613
"797",1,36,"Spiny_dogfish",0,67,2,0.916053115802273,"survey",0.669755,19.189,2.46343160274452
"798",1,36,"Spiny_dogfish",0,67,3,0.0687779580694387,"survey",0.238506,-5.73133,-2.84473193320941
"799",1,36,"Spiny_dogfish",0,67,4,0,"survey",0.0585186,-0.0426739,-1.98008742231246
"800",1,36,"Spiny_dogfish",0,67,5,0,"survey",3.54462e-08,0.0532009,-0.00154106956364727
"801",1,37,"Spiny_dogfish",0,57,1,0.029267129385686,"survey",0.0320205,-0.145561,-0.116168410296482
"802",1,37,"Spiny_dogfish",0,57,2,0.912728255537184,"survey",0.668741,16.1554,2.25255598965147
"803",1,37,"Spiny_dogfish",0,57,3,0.0580046150771299,"survey",0.241254,-4.71423,-2.81671360905626
"804",1,37,"Spiny_dogfish",0,57,4,0,"survey",0.0579835,-0.0362524,-1.81798226063953
"805",1,37,"Spiny_dogfish",0,57,5,0,"survey",2.97827e-08,0.0462523,-0.00130292513215457
"806",1,38,"Spiny_dogfish",0,38,1,0.00174477709116246,"survey",0.0309095,-0.197532,-1.02259499545725
"807",1,38,"Spiny_dogfish",0,38,2,0.761961003803671,"survey",0.664648,3.94417,0.73581193097186
"808",1,38,"Spiny_dogfish",0,38,3,0.236294219105166,"survey",0.246097,-0.365642,-0.121811399880989
"809",1,38,"Spiny_dogfish",0,38,4,0,"survey",0.058346,-0.0241919,-1.48900906645997
"810",1,38,"Spiny_dogfish",0,38,5,0,"survey",2.53236e-08,0.0314509,-0.00098096727774172
"811",1,39,"Spiny_dogfish",0,52,1,0.00242258818104134,"survey",0.0303158,-0.326053,-1.15522260923138
"812",1,39,"Spiny_dogfish",0,52,2,0.815264019268534,"survey",0.658405,9.03982,1.3940058843693
"813",1,39,"Spiny_dogfish",0,52,3,0.182313392550425,"survey",0.251592,-3.05311,-0.995984104979248
"814",1,39,"Spiny_dogfish",0,52,4,0,"survey",0.0596878,-0.0332229,-1.76175072016446
"815",1,39,"Spiny_dogfish",0,52,5,0,"survey",2.18842e-08,0.0437967,-0.00106676070418815
"816",1,40,"Spiny_dogfish",0,43,1,0.00624056988121116,"survey",0.0306766,-0.429754,-0.914873962782401
"817",1,40,"Spiny_dogfish",0,43,2,0.94072912020682,"survey",0.656308,14.5418,2.30219560943904
"818",1,40,"Spiny_dogfish",0,43,3,0.0530303099119689,"survey",0.252872,-3.56366,-2.60597322941927
"819",1,40,"Spiny_dogfish",0,43,4,0,"survey",0.0601426,-0.0275054,-1.60814545362041
"820",1,40,"Spiny_dogfish",0,43,5,0,"survey",1.85866e-08,0.0369185,-0.000893993176707742
"821",1,41,"Spiny_dogfish",0,42,1,0,"survey",0.0312839,-0.0241219,-1.1462651525716
"822",1,41,"Spiny_dogfish",0,42,2,0.85325922130076,"survey",0.655665,9.42261,1.58145880634566
"823",1,41,"Spiny_dogfish",0,42,3,0.14674077869924,"survey",0.252527,-3.34513,-1.36426846280862
"824",1,41,"Spiny_dogfish",0,42,4,0,"survey",0.0605246,-0.0268923,-1.59437548902384
"825",1,41,"Spiny_dogfish",0,42,5,0,"survey",1.57952e-08,0.0367431,-0.000814492725566042
"826",1,42,"Spiny_dogfish",0,61,1,0.000901778349980935,"survey",0.0320804,-0.211755,-1.35957115545751
"827",1,42,"Spiny_dogfish",0,61,2,0.825562724048646,"survey",0.658025,11.3992,1.61308158001931
"828",1,42,"Spiny_dogfish",0,61,3,0.173535497601373,"survey",0.249757,-3.8538,-1.19119699129615
"829",1,42,"Spiny_dogfish",0,61,4,0,"survey",0.0601376,-0.0390188,-1.91530509319012
"830",1,42,"Spiny_dogfish",0,61,5,0,"survey",1.32614e-08,0.0544309,-0.000899413920283648
